,Suburb,Postcode,1st Most Common Venue,2nd Most Common Venue,3rd Most Common Venue,4th Most Common Venue,5th Most Common Venue,6th Most Common Venue,7th Most Common Venue,8th Most Common Venue,9th Most Common Venue,10th Most Common Venue
0,Abbotsbury,2176,,,,,,,,,,
1,Abbotsford,2046,Café,Pizza Place,Park,Wine Shop,Gift Shop,,,,,
2,Acacia Gardens,2763,Bus Stop,BBQ Joint,Spa,Park,,,,,,
3,Acacia Ridge,4110,,,,,,,,,,
4,Agnes Banks,2753,,,,,,,,,,
5,Airds,2560,Fish & Chips Shop,,,,,,,,,
6,Albany Creek,4035,Fast Food Restaurant,Fish & Chips Shop,Gym,Bar,Liquor Store,Australian Restaurant,Noodle House,Pizza Place,Pub,Sandwich Place
7,Albion,4010,Fast Food Restaurant,Café,Comedy Club,Bakery,Train Station,Turkish Restaurant,Sushi Restaurant,Sandwich Place,Gym,Pub
8,Alderley,4051,Grocery Store,Train Station,Thai Restaurant,Performing Arts Venue,Pizza Place,Athletics & Sports,,,,
9,Alexandra Hills,4161,Supermarket,Video Store,Sandwich Place,Fast Food Restaurant,,,,,,
10,Alexandria,2015,Café,Basketball Court,Italian Restaurant,Playground,Bus Station,Australian Restaurant,,,,
11,Alfords Point,2234,Fried Chicken Joint,,,,,,,,,
12,Algester,4115,Burger Joint,,,,,,,,,
13,Allambie Heights,2100,Park,Liquor Store,Grocery Store,Café,Bakery,,,,,
14,Allawah,2218,Speakeasy,Warehouse Store,,,,,,,,
15,Ambarvale,2560,Bus Stop,Gym / Fitness Center,Supermarket,,,,,,,
16,Amberley,4306,,,,,,,,,,
17,Annandale,2038,Café,Grocery Store,Fried Chicken Joint,Asian Restaurant,Brewery,Snack Place,Garden Center,Fish & Chips Shop,Gift Shop,Bar
18,Annangrove,2156,Indian Restaurant,,,,,,,,,
19,Annerley,4103,Café,Sandwich Place,Camera Store,Supermarket,Pizza Place,Comic Shop,Fast Food Restaurant,Coffee Shop,,
20,Anstead,4070,Café,,,,,,,,,
21,Arana Hills,4054,Supermarket,Chinese Restaurant,Pharmacy,Accessories Store,Asian Restaurant,Fast Food Restaurant,Café,Sandwich Place,Gym,Gym / Fitness Center
22,Arcadia,2159,Food & Drink Shop,,,,,,,,,
23,Archerfield,4108,Cosmetics Shop,Hunting Supply,Electronics Store,,,,,,,
24,Armstrong Creek,4520,,,,,,,,,,
25,Arncliffe,2205,Outlet Store,Intersection,Grocery Store,Lebanese Restaurant,,,,,,
26,Arndell Park,2148,Furniture / Home Store,,,,,,,,,
27,Artarmon,2064,Café,Thai Restaurant,Japanese Restaurant,Grocery Store,Pharmacy,Park,BBQ Joint,Sandwich Place,Asian Restaurant,Bakery
28,Ascot,4007,Café,Burger Joint,Bakery,Grocery Store,Italian Restaurant,Japanese Restaurant,Thai Restaurant,Pizza Place,Flea Market,Supermarket
29,Ashbury,2193,Park,Grocery Store,Playground,Seafood Restaurant,,,,,,
30,Ashcroft,2168,,,,,,,,,,
31,Ashfield,2131,Asian Restaurant,Dumpling Restaurant,Electronics Store,Supermarket,Japanese Restaurant,Shanghai Restaurant,Grocery Store,Chinese Restaurant,Malay Restaurant,Café
32,Ashgrove,4060,Park,Playground,Rugby Pitch,Restaurant,,,,,,
33,Ashwell,4340,,,,,,,,,,
34,Aspley,4034,Supermarket,Ice Cream Shop,Grocery Store,Pizza Place,Liquor Store,Video Store,Fast Food Restaurant,Coffee Shop,Steakhouse,Electronics Store
35,Asquith,2077,Sports Club,Train Station,Supermarket,Gas Station,Fast Food Restaurant,Hobby Shop,,,,
36,Auburn,2144,Turkish Restaurant,Supermarket,Department Store,Persian Restaurant,Fast Food Restaurant,Lebanese Restaurant,Dessert Shop,Kebab Restaurant,Bakery,Portuguese Restaurant
37,Auchenflower,4066,Pizza Place,Deli / Bodega,French Restaurant,Mexican Restaurant,Bus Stop,Restaurant,Bakery,,,
38,Augustine Heights,4300,Fast Food Restaurant,Mexican Restaurant,Coffee Shop,,,,,,,
39,Austral,2179,,,,,,,,,,
40,Avalon Beach,2107,,,,,,,,,,
41,Badgerys Creek,2555,,,,,,,,,,
42,Bahrs Scrub,4207,,,,,,,,,,
43,Bald Hills,4036,Moving Target,Convenience Store,Fish & Chips Shop,,,,,,,
44,Balgowlah,2093,Park,Liquor Store,Trail,Golf Course,Bus Station,Restaurant,,,,
45,Balgowlah Heights,2093,Scenic Lookout,Park,Tennis Court,,,,,,,
46,Balmain,2041,Café,Pub,Sushi Restaurant,Pizza Place,Indian Restaurant,Park,Bar,Italian Restaurant,Frozen Yogurt Shop,Gym
47,Balmain East,2041,Park,Café,Bus Station,Bowling Green,Italian Restaurant,Gastropub,Shopping Mall,,,
48,Balmoral,4171,Bus Station,,,,,,,,,
49,Bangor,2234,Pub,Burger Joint,Shopping Mall,Business Service,Bakery,,,,,
50,Banksia,2216,Adult Boutique,Convenience Store,,,,,,,,
51,Banksia Beach,4507,Fish & Chips Shop,Shopping Mall,,,,,,,,
52,Banksmeadow,2019,Café,Park,Sandwich Place,Golf Course,Bakery,,,,,
53,Bankstown,2200,Vietnamese Restaurant,Café,Steakhouse,Coffee Shop,Department Store,Chinese Restaurant,Convenience Store,Fast Food Restaurant,Sports Bar,Portuguese Restaurant
54,Bannockburn,4207,,,,,,,,,,
55,Banyo,4014,Burrito Place,Coffee Shop,,,,,,,,
56,Barangaroo,2000,Café,Bar,Sandwich Place,Coffee Shop,Italian Restaurant,Hotel,Seafood Restaurant,Bakery,Pub,Burger Joint
57,Barden Ridge,2234,Park,Other Great Outdoors,Astrologer,,,,,,,
58,Bardia,2565,,,,,,,,,,
59,Bardon,4065,Park,Convenience Store,Playground,,,,,,,
60,Bardwell Park,2207,Bar,Train Station,Gym,Café,Golf Course,,,,,
61,Bardwell Valley,2207,Park,Playground,,,,,,,,
62,Barellan Point,4306,,,,,,,,,,
63,Basin Pocket,4305,Sandwich Place,,,,,,,,,
64,Bass Hill,2197,Fast Food Restaurant,Gym,Pizza Place,Grocery Store,Shopping Mall,Big Box Store,Discount Store,Bakery,Pub,
65,Baulkham Hills,2153,Café,Pizza Place,Dessert Shop,Fast Food Restaurant,Asian Restaurant,Gym,Pharmacy,Supermarket,Bakery,Shopping Mall
66,Bayview,2104,Gym / Fitness Center,,,,,,,,,
67,Beachmere,4510,Sports Bar,Liquor Store,Grocery Store,Shopping Mall,,,,,,
68,Beacon Hill,2100,Gym / Fitness Center,Fast Food Restaurant,Business Service,,,,,,,
69,Beaconsfield,2015,Café,Coffee Shop,Furniture / Home Store,Thai Restaurant,Brazilian Restaurant,Pet Store,Flea Market,Miscellaneous Shop,Fast Food Restaurant,Basketball Court
70,Beaumont Hills,2155,Park,Grocery Store,Shopping Mall,Pizza Place,,,,,,
71,Beecroft,2119,Café,Bakery,Thai Restaurant,Italian Restaurant,Liquor Store,Convenience Store,Chinese Restaurant,Park,Pizza Place,Supermarket
72,Beenleigh,4207,Discount Store,Stadium,,,,,,,,
73,Belfield,2191,Pizza Place,BBQ Joint,Gas Station,Farmers Market,Café,,,,,
74,Belivah,4207,,,,,,,,,,
75,Bella Vista,2153,Coffee Shop,Food Truck,Café,Thai Restaurant,Fast Food Restaurant,,,,,
76,Bellara,4507,Coffee Shop,Sandwich Place,Supermarket,Shopping Mall,,,,,,
77,Bellbird Park,4300,Health & Beauty Service,,,,,,,,,
78,Bellbowrie,4070,Photography Studio,Fast Food Restaurant,,,,,,,,
79,Bellevue Hill,2023,Park,BBQ Joint,Flea Market,Pizza Place,,,,,,
80,Bellmere,4510,Liquor Store,Volcano,,,,,,,,
81,Bellthorpe,4514,,,,,,,,,,
82,Belmont,4153,Gun Range,,,,,,,,,
83,Belmore,2192,Café,Football Stadium,Chinese Restaurant,Greek Restaurant,Lebanese Restaurant,Gym / Fitness Center,Japanese Restaurant,Food & Drink Shop,,
84,Belrose,2085,Pub,Grocery Store,Thai Restaurant,Soccer Field,,,,,,
85,Berala,2141,Cosmetics Shop,Supermarket,Bakery,Thai Restaurant,Train Station,Coffee Shop,Middle Eastern Restaurant,Asian Restaurant,Pub,
86,Berkshire Park,2765,,,,,,,,,,
87,Berowra,2081,Convenience Store,,,,,,,,,
88,Berowra Creek,2080,,,,,,,,,,
89,Berowra Heights,2082,Gas Station,Shopping Mall,Pub,Thai Restaurant,Burger Joint,Pizza Place,Café,Supermarket,Grocery Store,Coffee Shop
90,Berowra Waters,2082,Seafood Restaurant,Harbor / Marina,Boat or Ferry,,,,,,,
91,Berrilee,2159,Stables,,,,,,,,,
92,Berrinba,4117,,,,,,,,,,
93,Bethania,4205,Coffee Shop,Train Station,Building,,,,,,,
94,Beverley Park,2217,Sporting Goods Shop,Pizza Place,Sports Bar,Park,Golf Course,Restaurant,Dim Sum Restaurant,,,
95,Beverly Hills,2209,Chinese Restaurant,Café,Japanese Restaurant,Asian Restaurant,Pub,Greek Restaurant,Thai Restaurant,Sandwich Place,German Restaurant,Sushi Restaurant
96,Bexley,2207,Pub,Convenience Store,Fruit & Vegetable Store,Park,,,,,,
97,Bexley North,2207,Café,Grocery Store,Japanese Restaurant,Thai Restaurant,Pizza Place,,,,,
98,Bickley Vale,2570,,,,,,,,,,
99,Bidwill,2770,Bar,Convenience Store,High School,,,,,,,
100,Bilgola Beach,2107,Food Court,Beach,Café,Coffee Shop,,,,,,
101,Bilgola Plateau,2107,Park,Café,,,,,,,,
102,Birchgrove,2041,Café,Pub,Sushi Restaurant,Bar,Italian Restaurant,Latin American Restaurant,Middle Eastern Restaurant,Park,Pizza Place,Cricket Ground
103,Birkdale,4159,Liquor Store,,,,,,,,,
104,Birrong,2143,Train Station,Chinese Restaurant,Grocery Store,,,,,,,
105,Blackett,2770,Market,Soccer Field,Fast Food Restaurant,Gym Pool,,,,,,
106,Blacksoil,4306,,,,,,,,,,
107,Blackstone,4304,,,,,,,,,,
108,Blacktown,2148,Fast Food Restaurant,Sandwich Place,Juice Bar,Café,Supermarket,Coffee Shop,Mexican Restaurant,Gym,Grocery Store,Steakhouse
109,Blair Athol,2560,Playground,,,,,,,,,
110,Blairmount,2559,,,,,,,,,,
111,Blakehurst,2221,Sporting Goods Shop,Park,Dim Sum Restaurant,,,,,,,
112,Bligh Park,2756,Martial Arts Dojo,Pet Store,Fishing Store,,,,,,,
113,Bondi,2026,Café,Grocery Store,Gym,Park,Pizza Place,Bus Stop,Bakery,Coffee Shop,Australian Restaurant,Thai Restaurant
114,Bondi Beach,2026,Café,Australian Restaurant,Italian Restaurant,Ice Cream Shop,Bakery,Beach,Resort,Japanese Restaurant,Clothing Store,Gym
115,Bondi Junction,2022,Café,Gym,Japanese Restaurant,Mexican Restaurant,Coffee Shop,Burger Joint,Noodle House,Vegetarian / Vegan Restaurant,Sushi Restaurant,Middle Eastern Restaurant
116,Bongaree,4507,Seafood Restaurant,Ice Cream Shop,Fish & Chips Shop,Pier,,,,,,
117,Bonnet Bay,2226,Deli / Bodega,,,,,,,,,
118,Bonnyrigg,2177,Park,Burger Joint,Fast Food Restaurant,Pizza Place,,,,,,
119,Bonnyrigg Heights,2177,Sports Bar,Chinese Restaurant,Soccer Field,,,,,,,
120,Booval,4304,Fast Food Restaurant,Australian Restaurant,Sandwich Place,Furniture / Home Store,Supermarket,Shopping Mall,Restaurant,,,
121,Boronia Heights,4124,Park,,,,,,,,,
122,Bossley Park,2176,Gym,Park,Italian Restaurant,Buffet,Pizza Place,Bar,,,,
123,Botany,2019,Pub,Café,Asian Restaurant,Pharmacy,Liquor Store,Thai Restaurant,Chinese Restaurant,Seafood Restaurant,Grocery Store,Gym
124,Bow Bowing,2566,Auto Garage,Tennis Court,,,,,,,,
125,Bowen Hills,4006,Coffee Shop,Vietnamese Restaurant,Theater,Train Station,Café,Asian Restaurant,Gym,Sandwich Place,,
126,Box Hill,2765,,,,,,,,,,
127,Bracalba,4512,,,,,,,,,,
128,Bracken Ridge,4017,Bus Station,Men's Store,,,,,,,,
129,Bradbury,2560,Furniture / Home Store,Supermarket,Chinese Restaurant,Shopping Mall,Coffee Shop,,,,,
130,Brassall,4305,,,,,,,,,,
131,Bray Park,4500,Health & Beauty Service,Business Service,,,,,,,,
132,Breakfast Point,2137,Park,Café,Pier,Grocery Store,Boat or Ferry,Gym / Fitness Center,,,,
133,Brendale,4500,,,,,,,,,,
134,Bridgeman Downs,4035,Park,,,,,,,,,
135,Brighton,4017,Furniture / Home Store,,,,,,,,,
136,Bringelly,2556,Convenience Store,Fast Food Restaurant,,,,,,,,
137,Bronte,2024,Bakery,Restaurant,Breakfast Spot,Wine Shop,Juice Bar,Belgian Restaurant,,,,
138,Brookfield,4069,,,,,,,,,,
139,Brooklyn,2083,Park,Art Gallery,,,,,,,,
140,Brookvale,2100,Bakery,Department Store,Pizza Place,Supermarket,Shopping Mall,Café,Thrift / Vintage Store,Gym,Pet Store,Brewery
141,Brookwater,4300,Golf Course,Brewery,Australian Restaurant,,,,,,,
142,Browns Plains,4118,Sporting Goods Shop,Gas Station,Thrift / Vintage Store,Outdoor Supply Store,,,,,,
143,Buccan,4207,,,,,,,,,,
144,Bulimba,4171,Coffee Shop,Sushi Restaurant,Café,Italian Restaurant,Ice Cream Shop,Movie Theater,Mexican Restaurant,Supermarket,Bookstore,Brewery
145,Bundamba,4304,,,,,,,,,,
146,Bundeena,2230,Café,Beach,Pub,Grocery Store,Pier,,,,,
147,Bunya,4055,,,,,,,,,,
148,Burbank,4156,Trail,,,,,,,,,
149,Burpengary,4505,Liquor Store,Train Station,Grocery Store,Pharmacy,,,,,,
150,Burraneer,2230,Beach,,,,,,,,,
151,Burwood,2134,Chinese Restaurant,Noodle House,Fast Food Restaurant,Gym,Pub,Asian Restaurant,Cantonese Restaurant,Other Nightlife,Café,Sandwich Place
152,Burwood Heights,2136,Pub,Park,Convenience Store,Burger Joint,Tennis Court,,,,,
153,Busby,2168,,,,,,,,,,
154,Cabarita,2137,Gym / Fitness Center,Park,Beach,Bus Station,,,,,,
155,Caboolture,4510,,,,,,,,,,
156,Caboolture South,4510,,,,,,,,,,
157,Cabramatta,2166,Vietnamese Restaurant,Chinese Restaurant,Bubble Tea Shop,Café,Shopping Mall,Bakery,Steakhouse,Sandwich Place,Cambodian Restaurant,Seafood Restaurant
158,Cabramatta West,2166,Thai Restaurant,Eastern European Restaurant,Convenience Store,Gastropub,,,,,,
159,Caddens,2747,,,,,,,,,,
160,Calamvale,4116,Bakery,Pizza Place,Liquor Store,Thai Restaurant,Café,Malay Restaurant,Sandwich Place,Convenience Store,Indian Restaurant,
161,Calvert,4340,,,,,,,,,,
162,Cambridge Gardens,2747,Pizza Place,Grocery Store,Sandwich Place,Hotel,Fast Food Restaurant,,,,,
163,Cambridge Park,2747,Bus Stop,Performing Arts Venue,,,,,,,,
164,Camden,2570,Café,Bar,Italian Restaurant,Supermarket,Fast Food Restaurant,Australian Restaurant,,,,
165,Camden South,2570,Zoo,Farm,,,,,,,,
166,Camira,4300,Pizza Place,Shopping Mall,,,,,,,,
167,Cammeray,2062,Café,Fruit & Vegetable Store,Butcher,Bar,Bakery,Fast Food Restaurant,Park,Coffee Shop,Thai Restaurant,Asian Restaurant
168,Camp Hill,4152,Shopping Mall,Indian Restaurant,Ice Cream Shop,Liquor Store,Deli / Bodega,Burger Joint,Supermarket,Pizza Place,,
169,Camp Mountain,4520,,,,,,,,,,
170,Campbells Pocket,4521,,,,,,,,,,
171,Campbelltown,2560,Pub,Ice Cream Shop,Pet Store,Fast Food Restaurant,Pizza Place,,,,,
172,Camperdown,2050,Café,Convenience Store,Pub,Kebab Restaurant,Thai Restaurant,Sushi Restaurant,Liquor Store,Climbing Gym,Gym / Fitness Center,Gastropub
173,Campsie,2194,Malay Restaurant,Vietnamese Restaurant,Fried Chicken Joint,Korean Restaurant,Gym,Chinese Restaurant,Fast Food Restaurant,Sushi Restaurant,Café,Shopping Mall
174,Canada Bay,2046,Paper / Office Supplies Store,Coffee Shop,Furniture / Home Store,Gym,Bakery,Brewery,Athletics & Sports,Football Stadium,Playground,
175,Canley Heights,2166,Vietnamese Restaurant,Thai Restaurant,Café,Gym,Bar,Tapas Restaurant,Korean Restaurant,Middle Eastern Restaurant,Steakhouse,Dessert Shop
176,Canley Vale,2166,Vietnamese Restaurant,Chinese Restaurant,Café,BBQ Joint,Train Station,Restaurant,Dessert Shop,Vegetarian / Vegan Restaurant,Pizza Place,Pub
177,Cannon Hill,4170,Sushi Restaurant,Fast Food Restaurant,Supermarket,Coffee Shop,Shopping Mall,Department Store,Furniture / Home Store,Sandwich Place,Video Game Store,Video Store
178,Canoelands,2157,Farm,,,,,,,,,
179,Canterbury,2193,Supermarket,Platform,Liquor Store,Camera Store,Fast Food Restaurant,Park,Train Station,Café,Japanese Restaurant,Pool
180,Capalaba,4157,Fast Food Restaurant,Coffee Shop,Sandwich Place,Pizza Place,Department Store,Portuguese Restaurant,Supermarket,Electronics Store,Multiplex,Gym
181,Carbrook,4130,,,,,,,,,,
182,Carina,4152,Convenience Store,Café,Athletics & Sports,Bakery,,,,,,
183,Carindale,4152,Bus Station,,,,,,,,,
184,Caringbah South,2229,Seafood Restaurant,Café,Fish & Chips Shop,,,,,,,
185,Carlingford,2118,,,,,,,,,,
186,Carlton,2218,Pet Store,Seafood Restaurant,Pub,Japanese Restaurant,Train Station,Dessert Shop,Gym,General Entertainment,,
187,Carnes Hill,2171,Supermarket,Café,Coffee Shop,Liquor Store,Department Store,Pizza Place,Shopping Mall,Fast Food Restaurant,,
188,Carole Park,4300,,,,,,,,,,
189,Carramar,2163,Park,Italian Restaurant,Train Station,Ice Cream Shop,Burger Joint,,,,,
190,Carseldine,4034,Café,Portuguese Restaurant,Coffee Shop,Flower Shop,Fish & Chips Shop,Supermarket,Shopping Mall,Sushi Restaurant,Bus Stop,Tennis Court
191,Carss Park,2221,Gym / Fitness Center,Café,Other Great Outdoors,Fast Food Restaurant,,,,,,
192,Cartwright,2168,Indoor Play Area,Music Venue,Playground,,,,,,,
193,Cashmere,4500,,,,,,,,,,
194,Castle Cove,2069,Park,Golf Course,,,,,,,,
195,Castle Hill,2154,Restaurant,Gym,Chinese Restaurant,Coffee Shop,Bar,,,,,
196,Castlecrag,2068,Harbor / Marina,Scenic Lookout,Bay,Playground,,,,,,
197,Castlereagh,2749,,,,,,,,,,
198,Casula,2170,Liquor Store,Italian Restaurant,Chinese Restaurant,Video Store,Shopping Mall,,,,,
199,Catherine Field,2557,,,,,,,,,,
200,Cattai,2756,Dry Cleaner,,,,,,,,,
201,Cawdor,2570,,,,,,,,,,
202,Cecil Hills,2171,Shopping Mall,Locksmith,Liquor Store,Café,,,,,,
203,Cecil Park,2178,,,,,,,,,,
204,Cedar Grove,4285,,,,,,,,,,
205,Cedar Vale,4285,,,,,,,,,,
206,Centennial Park,2021,Tourist Information Center,Restaurant,Music Venue,Café,Grocery Store,Park,Australian Restaurant,Coffee Shop,Spa,Pizza Place
207,Chambers Flat,4133,Insurance Office,,,,,,,,,
208,Chandler,4155,Diner,Sporting Goods Shop,,,,,,,,
209,Chapel Hill,4069,Liquor Store,Bike Trail,Bus Station,,,,,,,
210,Chatswood,2067,Café,Food Court,Ice Cream Shop,Gym,Coffee Shop,Shopping Mall,Tea Room,Sushi Restaurant,Train Station,Thai Restaurant
211,Chatswood West,2067,Sports Club,Convenience Store,Food Court,Arcade,Flower Shop,,,,,
212,Chelmer,4068,Ice Cream Shop,Japanese Restaurant,Train Station,Thai Restaurant,Café,Pizza Place,,,,
213,Cheltenham,2119,Train Station,Platform,Tennis Court,,,,,,,
214,Chermside,4032,Café,Fast Food Restaurant,Department Store,Burger Joint,Supermarket,Bakery,Chinese Restaurant,Toy / Game Store,German Restaurant,Big Box Store
215,Chermside West,4032,Park,Gym,Indian Restaurant,Bus Station,,,,,,
216,Cherrybrook,2126,Lake,Intersection,,,,,,,,
217,Chester Hill,2162,Thrift / Vintage Store,Falafel Restaurant,Fast Food Restaurant,Restaurant,,,,,,
218,Chifley,2036,Business Service,Chinese Restaurant,Restaurant,,,,,,,
219,Chippendale,2008,Café,Bar,Coffee Shop,Pub,Thai Restaurant,Bakery,Burger Joint,Hotel,Wine Bar,Bubble Tea Shop
220,Chipping Norton,2170,Park,Supermarket,Café,Shopping Mall,,,,,,
221,Chiswick,2046,Harbor / Marina,Soccer Field,Scenic Lookout,,,,,,,
222,Church Point,2105,Scenic Lookout,,,,,,,,,
223,Churchill,4305,Auto Garage,,,,,,,,,
224,Chuwar,4306,,,,,,,,,,
225,Claremont Meadows,2747,Playground,Restaurant,,,,,,,,
226,Clarendon,2756,Pub,Racecourse,Fried Chicken Joint,Train Station,Gas Station,,,,,
227,Clareville,2107,Beach,Australian Restaurant,Surf Spot,Scenic Lookout,,,,,,
228,Clayfield,4011,Pizza Place,Convenience Store,Train Station,Portuguese Restaurant,Chinese Restaurant,Sandwich Place,Seafood Restaurant,Café,Fast Food Restaurant,Bus Station
229,Claymore,2559,Shopping Mall,,,,,,,,,
230,Clear Mountain,4500,,,,,,,,,,
231,Clemton Park,2206,Café,Grocery Store,Greek Restaurant,Burger Joint,Pizza Place,Shopping Plaza,,,,
232,Cleveland,4163,Food Truck,History Museum,Soccer Field,Organic Grocery,,,,,,
233,Clontarf,2093,Café,Beach,Surf Spot,,,,,,,
234,Clontarf,4019,Park,Home Service,Indian Restaurant,Soccer Field,Fast Food Restaurant,,,,,
235,Closeburn,4520,,,,,,,,,,
236,Clovelly,2031,Beach,Café,Coffee Shop,Trail,Burger Joint,Pizza Place,Bus Line,Hotel,Bar,
237,Coalfalls,4305,Pub,,,,,,,,,
238,Coasters Retreat,2108,Boat or Ferry,Bay,,,,,,,,
239,Cobbitty,2570,Café,,,,,,,,,
240,Colebee,2761,,,,,,,,,,
241,Collaroy,2097,Bar,Grocery Store,Indian Restaurant,Sandwich Place,Beach,Beach Bar,Pizza Place,Coffee Shop,Café,
242,Collaroy Plateau,2097,Park,Grocery Store,Café,,,,,,,
243,Collingwood Park,4301,Grocery Store,,,,,,,,,
244,Colyton,2760,American Restaurant,,,,,,,,,
245,Como,2226,Train Station,Gym,Café,,,,,,,
246,Concord,2137,Café,Italian Restaurant,Thai Restaurant,Fast Food Restaurant,Dry Cleaner,Event Space,Seafood Restaurant,Golf Course,Burger Joint,Supermarket
247,Condell Park,2200,Seafood Restaurant,Park,Wings Joint,Grocery Store,Mediterranean Restaurant,,,,,
248,Connells Point,2221,Convenience Store,,,,,,,,,
249,Constitution Hill,2145,Food Truck,IT Services,Fast Food Restaurant,Park,,,,,,
250,Coogee,2034,Café,Hotel,Burger Joint,Park,Fast Food Restaurant,Bar,Italian Restaurant,Fish & Chips Shop,Bus Station,Gym / Fitness Center
251,Coopers Plains,4108,Asian Restaurant,Train Station,Platform,Bakery,,,,,,
252,Coorparoo,4151,Fish & Chips Shop,Indian Restaurant,Café,,,,,,,
253,Corinda,4075,Pool,Sandwich Place,Café,Pizza Place,,,,,,
254,Cornubia,4130,,,,,,,,,,
255,Cornwallis,2756,,,,,,,,,,
256,Cottage Point,2084,Home Service,,,,,,,,,
257,Cowan,2081,Trail,,,,,,,,,
258,Cranebrook,2749,Shopping Mall,Fried Chicken Joint,Liquor Store,Café,,,,,,
259,Cremorne,2090,Café,Pizza Place,Cocktail Bar,Movie Theater,Thai Restaurant,Fast Food Restaurant,Sushi Restaurant,Korean Restaurant,Bus Station,Shopping Mall
260,Cremorne Point,2090,Trail,Pool,Hotel,,,,,,,
261,Crestmead,4132,,,,,,,,,,
262,Cromer,2099,Soccer Field,Pub,,,,,,,,
263,Cronulla,2230,Café,Burger Joint,Ice Cream Shop,Platform,Park,Beach,Bar,BBQ Joint,Fast Food Restaurant,Boat or Ferry
264,Crows Nest,2065,Café,Japanese Restaurant,Thai Restaurant,Vietnamese Restaurant,Bar,Sushi Restaurant,Indian Restaurant,Italian Restaurant,Mexican Restaurant,Coffee Shop
265,Croydon,2132,Café,Pizza Place,Indian Restaurant,Italian Restaurant,Japanese Restaurant,Thai Restaurant,,,,
266,Croydon Park,2133,Park,Gas Station,Pizza Place,Grocery Store,Sandwich Place,Bakery,Mediterranean Restaurant,Chinese Restaurant,Lebanese Restaurant,Fast Food Restaurant
267,Cumberland Reach,2756,,,,,,,,,,
268,Curl Curl,2096,Café,Coffee Shop,Gym,Surf Spot,,,,,,
269,Currans Hill,2567,,,,,,,,,,
270,Currawong Beach,2108,Boat or Ferry,Beach,Vacation Rental,,,,,,,
271,D'Aguilar,4514,,,,,,,,,,
272,Daceyville,2032,Park,Golf Course,,,,,,,,
273,Daisy Hill,4127,,,,,,,,,,
274,Dakabin,4503,,,,,,,,,,
275,Dangar Island,2083,Harbor / Marina,Trail,Beach,,,,,,,
276,Darling Point,2027,Harbor / Marina,Park,Breakfast Spot,,,,,,,
277,Darlinghurst,2010,Café,Italian Restaurant,Japanese Restaurant,Pizza Place,Pub,Bar,Vietnamese Restaurant,Mexican Restaurant,Gym,Thai Restaurant
278,Darlington,2008,Café,Bar,Pub,Thai Restaurant,Italian Restaurant,Bakery,Coffee Shop,Event Space,Supermarket,Beer Garden
279,Darra,4076,Vietnamese Restaurant,Asian Restaurant,Chinese Restaurant,Martial Arts Dojo,Train Station,Grocery Store,Bus Station,,,
280,Davidson,2085,Trail,Playground,,,,,,,,
281,Dawes Point,2000,Café,Pub,Australian Restaurant,Hotel,Brewery,Italian Restaurant,Coffee Shop,Scenic Lookout,Seafood Restaurant,Museum
282,Dayboro,4521,Pub,Café,Grocery Store,Bakery,,,,,,
283,Deagon,4017,Fast Food Restaurant,Shopping Mall,Pizza Place,Grocery Store,Sandwich Place,Train Station,Mediterranean Restaurant,Discount Store,Gym,Flea Market
284,Dean Park,2761,Sandwich Place,Pet Store,Fast Food Restaurant,,,,,,,
285,Deception Bay,4508,Grocery Store,,,,,,,,,
286,Dee Why,2099,Japanese Restaurant,Pizza Place,Fried Chicken Joint,Botanical Garden,Gym,Bakery,Café,Fast Food Restaurant,Coffee Shop,Shopping Mall
287,Deebing Heights,4306,,,,,,,,,,
288,Delaneys Creek,4514,,,,,,,,,,
289,Denham Court,2565,Gas Station,,,,,,,,,
290,Denistone,2114,Sports Club,Park,Train Station,,,,,,,
291,Denistone East,2112,Liquor Store,Deli / Bodega,Farmers Market,Café,Burger Joint,Thai Restaurant,,,,
292,Denistone West,2114,Shoe Store,,,,,,,,,
293,Dharruk,2770,Bar,Pharmacy,,,,,,,,
294,Dinmore,4303,Movie Theater,Discount Store,BBQ Joint,Train Station,,,,,,
295,Dolans Bay,2229,Boat or Ferry,,,,,,,,,
296,Dolls Point,2219,Café,Sports Bar,Park,,,,,,,
297,Donnybrook,4510,Other Great Outdoors,,,,,,,,,
298,Doolandella,4077,,,,,,,,,,
299,Doonside,2767,Bakery,BBQ Joint,Train Station,Platform,Grocery Store,Restaurant,,,,
300,Double Bay,2028,Café,Japanese Restaurant,Park,Liquor Store,Shopping Mall,Supermarket,Ice Cream Shop,Bar,Thai Restaurant,Beach
301,Dover Heights,2030,Park,African Restaurant,Playground,Café,Coffee Shop,,,,,
302,Draper,4520,,,,,,,,,,
303,Drewvale,4116,Park,,,,,,,,,
304,Drummoyne,2047,Café,Pub,Video Store,Pharmacy,Sandwich Place,Sushi Restaurant,Market,Grocery Store,Bakery,Gym / Fitness Center
305,Duffys Forest,2084,Stadium,,,,,,,,,
306,Dulwich Hill,2203,Café,Diner,Bakery,Liquor Store,Park,Mediterranean Restaurant,Light Rail Station,Athletics & Sports,Sushi Restaurant,Grocery Store
307,Dundas,2117,Sports Bar,Seafood Restaurant,Train Station,Café,Pizza Place,,,,,
308,Dundas Valley,2117,Campground,Café,,,,,,,,
309,Dunwich,4183,Pier,Boat or Ferry,Gourmet Shop,Pizza Place,Bakery,,,,,
310,Durack,4077,Indian Restaurant,Business Service,Electronics Store,,,,,,,
311,Dural,2158,Gym / Fitness Center,Italian Restaurant,Garden,Grocery Store,,,,,,
312,Dutton Park,4102,Café,Park,BBQ Joint,Train Station,Bus Station,Historic Site,Farmers Market,German Restaurant,,
313,Eagle Farm,4009,Go Kart Track,Café,Burger Joint,Event Service,,,,,,
314,Eagle Vale,2558,Pool,,,,,,,,,
315,Eagleby,4207,Thrift / Vintage Store,Grocery Store,,,,,,,,
316,Earlwood,2206,Café,Playground,Fast Food Restaurant,Pizza Place,,,,,,
317,East Brisbane,4169,River,Park,Performing Arts Venue,Bus Station,,,,,,
318,East Hills,2213,Pub,Bakery,,,,,,,,
319,East Ipswich,4305,Train Station,,,,,,,,,
320,East Killara,2071,Yoga Studio,Park,Shopping Mall,,,,,,,
321,East Kurrajong,2758,,,,,,,,,,
322,East Lindfield,2070,Playground,,,,,,,,,
323,East Ryde,2113,Trail,Music Venue,Playground,Pizza Place,Shopping Mall,,,,,
324,Eastern Creek,2766,Bus Stop,,,,,,,,,
325,Eastern Heights,4305,Gas Station,Home Service,,,,,,,,
326,Eastgardens,2036,Coffee Shop,Department Store,Supermarket,Café,Fast Food Restaurant,Bookstore,Sandwich Place,Thai Restaurant,Optical Shop,Liquor Store
327,Eastlakes,2018,Supermarket,Park,Food & Drink Shop,Grocery Store,Shopping Mall,,,,,
328,Eastwood,2122,Korean Restaurant,Chinese Restaurant,Café,Japanese Restaurant,Vietnamese Restaurant,Pub,BBQ Joint,Dessert Shop,Grocery Store,Park
329,Eatons Hill,4037,,,,,,,,,,
330,Ebbw Vale,4304,,,,,,,,,,
331,Ebenezer,2756,,,,,,,,,,
332,Ebenezer,4340,,,,,,,,,,
333,Edens Landing,4207,Seafood Restaurant,,,,,,,,,
334,Edensor Park,2176,Spa,,,,,,,,,
335,Edgecliff,2027,Supermarket,Pub,Australian Restaurant,Bus Station,Shopping Mall,Café,Sandwich Place,Tennis Court,Gym,Bakery
336,Edmondson Park,2174,Train Station,Platform,,,,,,,,
337,Eight Mile Plains,4113,Electronics Store,Gas Station,Chinese Restaurant,Café,Coffee Shop,Business Service,Hotel,Office,Fruit & Vegetable Store,
338,Elanora Heights,2101,Bakery,Home Service,Liquor Store,Playground,Bus Station,Café,,,,
339,Elderslie,2570,Deli / Bodega,Farmers Market,,,,,,,,
340,Elimbah,4516,Home Service,,,,,,,,,
341,Elizabeth Bay,2011,Café,Park,Italian Restaurant,Japanese Restaurant,Bar,Australian Restaurant,Thai Restaurant,Chinese Restaurant,Coffee Shop,Wine Bar
342,Elizabeth Hills,2171,,,,,,,,,,
343,Ellen Grove,4078,,,,,,,,,,
344,Ellis Lane,2570,,,,,,,,,,
345,Elvina Bay,2105,Beach,,,,,,,,,
346,Emerton,2770,Massage Studio,,,,,,,,,
347,Emu Heights,2750,Playground,,,,,,,,,
348,Emu Plains,2750,Supermarket,Bar,Field,Pizza Place,,,,,,
349,Enfield,2136,Pet Store,Pool,Liquor Store,Park,Lebanese Restaurant,Pizza Place,Fish & Chips Shop,Café,,
350,Engadine,2233,Café,Fast Food Restaurant,Shopping Mall,Pharmacy,Sandwich Place,Thai Restaurant,Discount Store,Sushi Restaurant,Supermarket,Grocery Store
351,Englorie Park,2560,Park,Department Store,,,,,,,,
352,Enmore,2042,Pub,Café,Vietnamese Restaurant,Trade School,Brewery,Burger Joint,Bus Station,Cantonese Restaurant,Chinese Restaurant,Restaurant
353,Enoggera,4051,Café,,,,,,,,,
354,Enoggera Reservoir,4520,Scenic Lookout,,,,,,,,,
355,Epping,2121,Thai Restaurant,Vietnamese Restaurant,Coffee Shop,Fried Chicken Joint,Sandwich Place,Liquor Store,Metro Station,Gym,Supermarket,Rest Area
356,Ermington,2115,Bus Stop,Flower Shop,,,,,,,,
357,Erskine Park,2759,Liquor Store,Rental Service,,,,,,,,
358,Erskineville,2043,Café,Pub,Bakery,Bistro,Bar,Theater,Thai Restaurant,Gourmet Shop,Gay Bar,Middle Eastern Restaurant
359,Eschol Park,2558,Sports Club,Park,Soccer Field,,,,,,,
360,Eveleigh,2015,Café,Park,Pub,Australian Restaurant,Performing Arts Venue,College Rec Center,Farmers Market,Office,Arcade,Pizza Place
361,Everton Hills,4053,Seafood Restaurant,Grocery Store,Café,Thai Restaurant,,,,,,
362,Everton Park,4053,Sandwich Place,Asian Restaurant,,,,,,,,
363,Fairfield,2165,Fast Food Restaurant,Asian Restaurant,Thai Restaurant,South American Restaurant,Gym,Italian Restaurant,Thrift / Vintage Store,Bar,Department Store,Sandwich Place
364,Fairfield,4103,Liquor Store,Café,Bakery,Shopping Mall,Coffee Shop,Pharmacy,Supermarket,Park,Pizza Place,Convenience Store
365,Fairfield East,2165,Bar,Photography Studio,,,,,,,,
366,Fairfield Heights,2165,Convenience Store,,,,,,,,,
367,Fairfield West,2165,Supermarket,Coffee Shop,Park,Shopping Mall,Fast Food Restaurant,Pizza Place,Gym,,,
368,Fairlight,2094,Beach,Pool,Liquor Store,Café,Art Gallery,,,,,
369,Ferny Grove,4055,Gym,Seafood Restaurant,Supermarket,Shopping Mall,,,,,,
370,Ferny Hills,4055,Historic Site,Thai Restaurant,,,,,,,,
371,Fiddletown,2159,,,,,,,,,,
372,Fig Tree Pocket,4069,Exhibit,Zoo Exhibit,Bus Stop,Coffee Shop,Café,Zoo,,,,
373,Fitzgibbon,4018,Golf Course,,,,,,,,,
374,Five Dock,2046,Grocery Store,Sushi Restaurant,Coffee Shop,Café,Chinese Restaurant,Fast Food Restaurant,Mediterranean Restaurant,Gym,South Indian Restaurant,Sports Bar
375,Flinders View,4305,,,,,,,,,,
376,Forest Glen,2157,,,,,,,,,,
377,Forest Lake,4078,Park,Women's Store,Pizza Place,,,,,,,
378,Forest Lodge,2037,Café,Pub,Paper / Office Supplies Store,Gym,Harbor / Marina,Gym / Fitness Center,Pizza Place,Sushi Restaurant,Portuguese Restaurant,Motorcycle Shop
379,Forestdale,4118,Park,,,,,,,,,
380,Forestville,2087,Sports Bar,Pizza Place,Supermarket,Thai Restaurant,Gym,Liquor Store,Park,Bakery,,
381,Fortitude Valley,4006,Coffee Shop,Cocktail Bar,Bar,Thai Restaurant,Pub,Japanese Restaurant,Italian Restaurant,Bakery,Dive Bar,Music Venue
382,Freemans Reach,2756,Breakfast Spot,,,,,,,,,
383,Frenchs Forest,2086,Café,Bus Station,Grocery Store,Bakery,Liquor Store,Fast Food Restaurant,Sandwich Place,Shopping Mall,Supermarket,Sushi Restaurant
384,Freshwater,2096,Café,Gym Pool,Convenience Store,Farmers Market,Coffee Shop,Surf Spot,Bakery,Yoga Studio,,
385,Gailes,4300,,,,,,,,,,
386,Galston,2159,Café,Pub,Fried Chicken Joint,Shopping Mall,,,,,,
387,Gaythorne,4051,Café,BBQ Joint,Train Station,Thai Restaurant,Fast Food Restaurant,,,,,
388,Geebung,4034,Bakery,Grocery Store,,,,,,,,
389,Georges Hall,2198,Lake,,,,,,,,,
390,Gilead,2560,,,,,,,,,,
391,Girraween,2145,Café,Gym / Fitness Center,Gourmet Shop,Fast Food Restaurant,,,,,,
392,Gladesville,2111,Thai Restaurant,Café,Japanese Restaurant,Pub,Kebab Restaurant,Breakfast Spot,Fried Chicken Joint,Shopping Mall,Supermarket,Fast Food Restaurant
393,Glebe,2037,Café,Pub,Pizza Place,Grocery Store,Bakery,Seafood Restaurant,Indian Restaurant,Bar,Farmers Market,Thai Restaurant
394,Gledswood Hills,2557,,,,,,,,,,
395,Glen Alpine,2560,Italian Restaurant,Liquor Store,Fast Food Restaurant,Electronics Store,,,,,,
396,Glendenning,2761,Dance Studio,Auto Garage,Performing Arts Venue,,,,,,,
397,Glenfield,2167,Platform,Fried Chicken Joint,Train Station,Bakery,,,,,,
398,Glenhaven,2156,Health & Beauty Service,Home Service,,,,,,,,
399,Glenmore Park,2745,Fast Food Restaurant,,,,,,,,,
400,Glenorie,2157,Yoga Studio,Bar,Supermarket,Farmers Market,Fast Food Restaurant,Shopping Mall,,,,
401,Glenwood,2768,Furniture / Home Store,,,,,,,,,
402,Glossodia,2756,,,,,,,,,,
403,Godwin Beach,4511,Construction & Landscaping,Electronics Store,,,,,,,,
404,Goodna,4300,Bakery,Trail,,,,,,,,
405,Goolman,4306,,,,,,,,,,
406,Gordon,2072,Pizza Place,Thai Restaurant,Coffee Shop,Café,Fast Food Restaurant,Bakery,Japanese Restaurant,Train Station,Supermarket,Pharmacy
407,Gordon Park,4031,Portuguese Restaurant,Convenience Store,Café,Art Gallery,River,,,,,
408,Graceville,4075,Café,Coffee Shop,Bakery,Convenience Store,Thai Restaurant,Athletics & Sports,Supermarket,Pharmacy,American Restaurant,Indian Restaurant
409,Grandchester,4340,Train Station,,,,,,,,,
410,Grange,4051,Fish & Chips Shop,Gym,Liquor Store,Gas Station,Soccer Field,Pizza Place,,,,
411,Granville,2142,Bar,Lebanese Restaurant,Dessert Shop,Middle Eastern Restaurant,,,,,,
412,Grasmere,2570,,,,,,,,,,
413,Grays Point,2232,,,,,,,,,,
414,Great Mackerel Beach,2108,Beach,Vacation Rental,,,,,,,,
415,Green Valley,2168,Asian Restaurant,Gym,Convenience Store,Chinese Restaurant,Thai Restaurant,Fast Food Restaurant,Coffee Shop,,,
416,Greenacre,2190,Fast Food Restaurant,Sports Bar,,,,,,,,
417,Greenbank,4124,,,,,,,,,,
418,Greendale,2745,,,,,,,,,,
419,Greenfield Park,2176,Rental Car Location,Business Service,,,,,,,,
420,Greenhills Beach,2230,Construction & Landscaping,Hotel,Electronics Store,,,,,,,
421,Greenslopes,4120,Grocery Store,Fast Food Restaurant,Ice Cream Shop,Liquor Store,Gourmet Shop,Bus Station,Noodle House,Sushi Restaurant,Café,Pet Store
422,Greenwich,2065,Café,Seafood Restaurant,Grocery Store,,,,,,,
423,Gregory Hills,2557,Café,Supermarket,Thai Restaurant,,,,,,,
424,Greystanes,2145,Pub,Supermarket,Shopping Mall,,,,,,,
425,Griffin,4503,,,,,,,,,,
426,Grose Vale,2753,,,,,,,,,,
427,Grose Wold,2753,,,,,,,,,,
428,Guildford,2161,Food Truck,Fast Food Restaurant,,,,,,,,
429,Guildford West,2161,Pub,Café,Dessert Shop,,,,,,,
430,Gumdale,4154,Bus Station,Construction & Landscaping,,,,,,,,
431,Gymea,2227,Café,Pizza Place,Burger Joint,Train Station,Art Gallery,Coffee Shop,Sandwich Place,Italian Restaurant,Pub,Convenience Store
432,Gymea Bay,2227,Mexican Restaurant,Playground,Home Service,,,,,,,
433,Haberfield,2045,Italian Restaurant,Café,Bakery,Pizza Place,Cheese Shop,Japanese Restaurant,Grocery Store,Park,Coffee Shop,
434,Haigslea,4306,,,,,,,,,,
435,Hamilton,4007,Bus Station,Lounge,Indian Restaurant,Motel,Boat or Ferry,,,,,
436,Hammondville,2170,Sports Club,Diner,Café,Sports Bar,,,,,,
437,Harrington Park,2567,Park,Supermarket,Pizza Place,Shopping Mall,Business Service,,,,,
438,Harris Park,2150,Indian Restaurant,Park,Gym / Fitness Center,Café,,,,,,
439,Hassall Grove,2761,Fast Food Restaurant,,,,,,,,,
440,Hawthorne,4171,Theater,Bar,Performing Arts Venue,Café,Dog Run,Farmers Market,Gym / Fitness Center,,,
441,Haymarket,2000,Thai Restaurant,Chinese Restaurant,Café,Coffee Shop,Asian Restaurant,Korean Restaurant,Hostel,Ice Cream Shop,Malay Restaurant,Japanese Restaurant
442,Heathcote,2233,Pub,Fast Food Restaurant,Train Station,Flower Shop,Grocery Store,,,,,
443,Heathwood,4110,Convenience Store,,,,,,,,,
444,Hebersham,2770,Convenience Store,Soccer Field,,,,,,,,
445,Heckenberg,2168,Carpet Store,Movie Theater,,,,,,,,
446,Hemmant,4174,Train Station,Motel,,,,,,,,
447,Hendra,4011,Rental Car Location,Coffee Shop,Candy Store,Shoe Store,Australian Restaurant,Fish & Chips Shop,Café,,,
448,Henley,2111,Skate Park,Australian Restaurant,Bus Station,,,,,,,
449,Heritage Park,4118,,,,,,,,,,
450,Herston,4006,Park,Football Stadium,,,,,,,,
451,Highgate Hill,4101,Café,Indian Restaurant,Park,Thai Restaurant,Bakery,,,,,
452,Highvale,4520,Business Service,,,,,,,,,
453,Hillcrest,4118,Motel,Roller Rink,,,,,,,,
454,Hillsdale,2036,Supermarket,Bakery,Pizza Place,Liquor Store,Clothing Store,Athletics & Sports,Sandwich Place,Shopping Mall,,
455,Hinchinbrook,2168,Carpet Store,Social Club,,,,,,,,
456,Hobartville,2753,Pub,Bar,Food & Drink Shop,Coffee Shop,,,,,,
457,Holland Park,4121,Sporting Goods Shop,Seafood Restaurant,Café,Athletics & Sports,,,,,,
458,Holland Park West,4121,Café,Bakery,Pub,Liquor Store,Furniture / Home Store,Steakhouse,Thai Restaurant,Bus Station,Coffee Shop,
459,Holmview,4207,,,,,,,,,,
460,Holroyd,2142,Park,History Museum,,,,,,,,
461,Holsworthy,2173,Pool,,,,,,,,,
462,Homebush,2140,Clothing Store,Outlet Store,Shoe Store,Accessories Store,Café,Board Shop,Lingerie Store,Electronics Store,Fast Food Restaurant,Men's Store
463,Homebush West,2140,Clothing Store,Outlet Store,Shoe Store,Accessories Store,Café,Board Shop,Lingerie Store,Electronics Store,Fast Food Restaurant,Men's Store
464,Horningsea Park,2171,,,,,,,,,,
465,Hornsby,2077,Café,Fast Food Restaurant,Gym,Asian Restaurant,Korean Restaurant,Bakery,Movie Theater,Electronics Store,Sandwich Place,Fried Chicken Joint
466,Hornsby Heights,2077,BBQ Joint,Food & Drink Shop,Grocery Store,,,,,,,
467,Horsley Park,2175,,,,,,,,,,
468,Hoxton Park,2171,Music Venue,Dance Studio,,,,,,,,
469,Hunters Hill,2110,Café,Bar,Seafood Restaurant,Grocery Store,Pizza Place,Shopping Mall,,,,
470,Huntleys Cove,2111,Harbor / Marina,Skate Park,Farmers Market,Bus Station,,,,,,
471,Huntleys Point,2111,,,,,,,,,,
472,Hurlstone Park,2193,Café,Coffee Shop,Train Station,Platform,,,,,,
473,Hurstville,2220,Fast Food Restaurant,Supermarket,Chinese Restaurant,Café,Bakery,Japanese Restaurant,Vietnamese Restaurant,Coffee Shop,Burger Joint,Asian Restaurant
474,Hurstville Grove,2220,Park,Harbor / Marina,Dog Run,Soccer Field,,,,,,
475,Illawong,2234,Bus Station,Playground,Shopping Mall,,,,,,,
476,Inala,4077,Bus Station,Vietnamese Restaurant,,,,,,,,
477,Indooroopilly,4068,Café,Fast Food Restaurant,Coffee Shop,Department Store,Sushi Restaurant,Japanese Restaurant,Multiplex,Sandwich Place,Big Box Store,Electronics Store
478,Ingleburn,2565,Spa,Indian Restaurant,Cafeteria,,,,,,,
479,Ingleside,2101,Farmers Market,,,,,,,,,
480,Ironbark,4306,,,,,,,,,,
481,Jamboree Heights,4074,Gym,Pastry Shop,Real Estate Office,Bus Station,,,,,,
482,Jamisontown,2750,Furniture / Home Store,Arts & Crafts Store,Sporting Goods Shop,Fast Food Restaurant,Café,Brazilian Restaurant,Bar,Gym,Electronics Store,Australian Restaurant
483,Jannali,2226,Bakery,Thai Restaurant,Pizza Place,Fast Food Restaurant,Indian Restaurant,Grocery Store,Seafood Restaurant,Japanese Restaurant,Café,
484,Jeebropilly,4340,,,,,,,,,,
485,Jindalee,4074,Breakfast Spot,Indian Restaurant,Food & Drink Shop,Supermarket,Pier,,,,,
486,Jollys Lookout,4520,,,,,,,,,,
487,Jordan Springs,2747,Lake,Gym,Auto Garage,Department Store,Café,,,,,
488,Joyner,4500,Park,Construction & Landscaping,Nature Preserve,,,,,,,
489,Kagaru,4285,,,,,,,,,,
490,Kalinga,4030,Park,Recording Studio,Soccer Field,,,,,,,
491,Kallangur,4503,Fast Food Restaurant,Pub,Pizza Place,Sandwich Place,Café,Pharmacy,Grocery Store,,,
492,Kangaroo Point,2224,,,,,,,,,,
493,Kangaroo Point,4169,Restaurant,Bar,Café,Seafood Restaurant,Gym,Hotel,Japanese Restaurant,Cocktail Bar,Historic Site,Beer Garden
494,Karalee,4306,Theme Park Ride / Attraction,,,,,,,,,
495,Karana Downs,4306,Supermarket,Café,Pizza Place,,,,,,,
496,Karawatha,4117,,,,,,,,,,
497,Kareela,2232,Restaurant,Supermarket,Café,Shopping Mall,Coffee Shop,Bakery,,,,
498,Karrabin,4306,Train Station,Light Rail Station,Platform,,,,,,,
499,Kearns,2558,Pub,BBQ Joint,Grocery Store,,,,,,,
500,Kedron,4031,Fast Food Restaurant,Bus Station,Sandwich Place,Grocery Store,Gym / Fitness Center,Café,Gas Station,Coffee Shop,Cafeteria,Supermarket
501,Kellyville,2155,Pizza Place,Indian Restaurant,Chinese Restaurant,Construction & Landscaping,Burger Joint,,,,,
502,Kellyville Ridge,2155,Jewelry Store,Business Service,,,,,,,,
503,Kelvin Grove,4059,Café,Coffee Shop,Sandwich Place,Supermarket,Golf Course,Tennis Court,Farmers Market,Park,Mini Golf,Bus Station
504,Kemps Creek,2178,,,,,,,,,,
505,Kenmore,4069,Bridal Shop,Deli / Bodega,Thai Restaurant,Shopping Mall,,,,,,
506,Kenmore Hills,4069,Gym,,,,,,,,,
507,Kensington,2033,Indonesian Restaurant,Chinese Restaurant,Café,Bus Station,Malay Restaurant,Indian Restaurant,Convenience Store,Burger Joint,Pizza Place,Bus Line
508,Kenthurst,2156,,,,,,,,,,
509,Kentlyn,2560,,,,,,,,,,
510,Keperra,4054,Sporting Goods Shop,Train Station,Café,Golf Course,,,,,,
511,Kholo,4306,,,,,,,,,,
512,Killara,2071,Train Station,Convenience Store,Café,Asian Restaurant,,,,,,
513,Killarney Heights,2087,Café,Bakery,Pool,,,,,,,
514,King Scrub,4521,,,,,,,,,,
515,Kings Langley,2147,Park,,,,,,,,,
516,Kings Park,2148,Convenience Store,Pub,Café,Kids Store,,,,,,
517,Kingsford,2032,Chinese Restaurant,Indonesian Restaurant,Café,Thai Restaurant,Korean Restaurant,Fast Food Restaurant,Italian Restaurant,Malay Restaurant,Grocery Store,Dessert Shop
518,Kingsgrove,2208,Pub,Café,Pizza Place,Supermarket,Gym,Vietnamese Restaurant,Sporting Goods Shop,,,
519,Kingston,4114,Playground,Asian Restaurant,,,,,,,,
520,Kingswood,2747,Sports Bar,Sandwich Place,Fast Food Restaurant,Pizza Place,,,,,,
521,Kippa-Ring,4021,Fried Chicken Joint,Train Station,Auto Dealership,Supermarket,,,,,,
522,Kirkham,2570,Farm,,,,,,,,,
523,Kirrawee,2232,Café,Shopping Mall,Shop & Service,Chinese Restaurant,Japanese Restaurant,Train Station,Mexican Restaurant,Coffee Shop,,
524,Kirribilli,2061,Café,Thai Restaurant,Scenic Lookout,Bar,Boat or Ferry,Theater,Tapas Restaurant,Park,Fish Market,Asian Restaurant
525,Kobble Creek,4520,,,,,,,,,,
526,Kogarah,2217,Café,Pub,Thai Restaurant,Coffee Shop,Dessert Shop,Shopping Mall,Supermarket,Sandwich Place,Grocery Store,Chinese Restaurant
527,Kogarah Bay,2217,Seafood Restaurant,Convenience Store,Fast Food Restaurant,Paper / Office Supplies Store,,,,,,
528,Kuraby,4112,Train Station,Farmers Market,Fast Food Restaurant,Pizza Place,,,,,,
529,Kurmond,2757,,,,,,,,,,
530,Kurnell,2231,,,,,,,,,,
531,Kurraba Point,2089,Pier,Convenience Store,Trail,Thai Restaurant,Boat or Ferry,Beach,Park,Scenic Lookout,Café,
532,Kurrajong,2758,Café,,,,,,,,,
533,Kurrajong Hills,2758,,,,,,,,,,
534,Kurwongbah,4503,Racetrack,Park,,,,,,,,
535,Kyeemagh,2216,Park,Sports Club,Soccer Stadium,Other Nightlife,Pub,,,,,
536,Kyle Bay,2221,Pub,Italian Restaurant,Neighborhood,Café,Park,,,,,
537,La Perouse,2036,Beach,Café,Tour Provider,History Museum,Seafood Restaurant,Burger Joint,Park,Bus Station,Fish & Chips Shop,Historic Site
538,Laceys Creek,4521,,,,,,,,,,
539,Lake Manchester,4306,Park,,,,,,,,,
540,Lakemba,2195,Lebanese Restaurant,Pizza Place,Indonesian Restaurant,Supermarket,Grocery Store,Train Station,Night Market,Boutique,,
541,Lalor Park,2147,Business Service,,,,,,,,,
542,Lane Cove,2066,Café,Pizza Place,Gym,Bakery,Persian Restaurant,Pool,Fried Chicken Joint,Supermarket,Shopping Mall,Thai Restaurant
543,Lane Cove North,2066,Café,Brewery,Golf Course,,,,,,,
544,Lane Cove West,2066,Sandwich Place,Café,Bakery,Park,Convenience Store,Climbing Gym,Fish & Chips Shop,,,
545,Lanefield,4340,,,,,,,,,,
546,Lansdowne,2163,,,,,,,,,,
547,Lansvale,2166,Italian Restaurant,Golf Course,,,,,,,,
548,Larapinta,4110,Nature Preserve,,,,,,,,,
549,Laughtondale,2775,,,,,,,,,,
550,Lavender Bay,2060,Café,Bar,Juice Bar,Gym,Bakery,Park,Pub,Dumpling Restaurant,Mediterranean Restaurant,Seafood Restaurant
551,Lawnton,4501,Gym,Outdoor Supply Store,Pool,Train Station,Furniture / Home Store,Coffee Shop,,,,
552,Leets Vale,2775,,,,,,,,,,
553,Leichhardt,2040,Café,Italian Restaurant,Pub,Thai Restaurant,Japanese Restaurant,Gym / Fitness Center,Grocery Store,Farmers Market,Electronics Store,Pharmacy
554,Leichhardt,4305,Train Station,Light Rail Station,Platform,,,,,,,
555,Len Waters Estate,2171,Gas Station,Fast Food Restaurant,Mexican Restaurant,,,,,,,
556,Leonay,2750,Gym,Coffee Shop,,,,,,,,
557,Leppington,2179,,,,,,,,,,
558,Lethbridge Park,2770,,,,,,,,,,
559,Leumeah,2560,Sports Bar,Bar,Pizza Place,Mexican Restaurant,,,,,,
560,Lewisham,2049,Paper / Office Supplies Store,Advertising Agency,Light Rail Station,Train Station,Platform,Newsstand,Gym / Fitness Center,Café,,
561,Liberty Grove,2138,Bakery,Lake,Park,Pizza Place,,,,,,
562,Lidcombe,2141,Café,Korean Restaurant,Vietnamese Restaurant,Park,Fried Chicken Joint,Sandwich Place,Bakery,Chinese Restaurant,Fast Food Restaurant,Filipino Restaurant
563,Lilli Pilli,2229,Harbor / Marina,Pool,,,,,,,,
564,Lilyfield,2040,Park,Grocery Store,Café,Breakfast Spot,Light Rail Station,Bus Station,Pizza Place,,,
565,Lindfield,2070,Café,Coffee Shop,Pizza Place,French Restaurant,Bakery,Ice Cream Shop,Convenience Store,Platform,Train Station,
566,Linley Point,2066,Park,Furniture / Home Store,Historic Site,Hotel,,,,,,
567,Little Bay,2036,Park,Italian Restaurant,Supermarket,Café,Pizza Place,Asian Restaurant,,,,
568,Liverpool,2170,Fast Food Restaurant,Middle Eastern Restaurant,Pub,Italian Restaurant,Restaurant,Gym / Fitness Center,Athletics & Sports,,,
569,Llandilo,2747,,,,,,,,,,
570,Loftus,2232,Bakery,River,Museum,Train Station,,,,,,
571,Logan Central,4114,Gym,Convenience Store,Performing Arts Venue,Fast Food Restaurant,,,,,,
572,Logan Reserve,4133,,,,,,,,,,
573,Logan Village,4207,,,,,,,,,,
574,Loganholme,4129,Bakery,Grocery Store,,,,,,,,
575,Loganlea,4131,Indian Restaurant,,,,,,,,,
576,Londonderry,2753,Fast Food Restaurant,Distribution Center,,,,,,,,
577,Long Point,2564,,,,,,,,,,
578,Longueville,2066,Park,Harbor / Marina,,,,,,,,
579,Lota,4179,Music Store,Clothing Store,,,,,,,,
580,Lovett Bay,2105,Trail,Hostel,,,,,,,,
581,Lower Portland,2756,,,,,,,,,,
582,Luddenham,2745,,,,,,,,,,
583,Lugarno,2210,Park,Thai Restaurant,,,,,,,,
584,Lurnea,2170,Park,Dance Studio,Shopping Mall,Pharmacy,,,,,,
585,Lutwyche,4030,Gym,Bus Station,Pub,Arts & Crafts Store,Liquor Store,Thrift / Vintage Store,Seafood Restaurant,Café,Dog Run,Clothing Store
586,Lyons,4124,,,,,,,,,,
587,Lytton,4178,Boutique,Cafeteria,,,,,,,,
588,Mackenzie,4156,Baseball Field,Italian Restaurant,Convenience Store,Auto Garage,Dessert Shop,,,,,
589,Macquarie Fields,2564,Dance Studio,,,,,,,,,
590,Macquarie Links,2565,Golf Course,,,,,,,,,
591,Macquarie Park,2113,Paper / Office Supplies Store,Coffee Shop,Playground,Vietnamese Restaurant,Electronics Store,,,,,
592,Malabar,2036,Café,Fried Chicken Joint,Chinese Restaurant,Beach,General Entertainment,,,,,
593,Mango Hill,4509,Indian Restaurant,Steakhouse,Sushi Restaurant,Australian Restaurant,Coffee Shop,,,,,
594,Manly,2095,Park,Beach,Café,,,,,,,
595,Manly,4179,Fish & Chips Shop,Pub,Farmers Market,Seafood Restaurant,Trail,Park,Café,,,
596,Manly Vale,2093,Park,Thai Restaurant,Bus Station,,,,,,,
597,Manly West,4179,,,,,,,,,,
598,Mansfield,4122,Bar,Gym / Fitness Center,Pool,Liquor Store,,,,,,
599,Maraylya,2765,Park,Gas Station,,,,,,,,
600,Marayong,2148,Soccer Field,,,,,,,,,
601,Marburg,4346,Pub,Motel,Antique Shop,,,,,,,
602,Margate,4019,Bakery,Bar,Fast Food Restaurant,,,,,,,
603,Maroota,2756,,,,,,,,,,
604,Maroubra,2035,Liquor Store,Pool,Playground,Pizza Place,,,,,,
605,Marrickville,2204,Vietnamese Restaurant,Café,Sandwich Place,Gym,Lounge,Bar,Liquor Store,Seafood Restaurant,Coffee Shop,Greek Restaurant
606,Marsden,4132,Home Service,Arts & Crafts Store,,,,,,,,
607,Marsden Park,2765,,,,,,,,,,
608,Marsfield,2122,Park,Bus Station,Supermarket,,,,,,,
609,Mascot,2020,Bakery,Café,Thai Restaurant,Indonesian Restaurant,Playground,Coffee Shop,Car Wash,Souvlaki Shop,Middle Eastern Restaurant,Grocery Store
610,Matraville,2036,Bakery,Convenience Store,Café,Supermarket,Gas Station,Pizza Place,Dog Run,,,
611,Mays Hill,2145,Park,Australian Restaurant,Clothing Store,Bus Station,,,,,,
612,Meadowbank,2114,Park,Playground,Kids Store,Bus Station,Athletics & Sports,,,,,
613,Meadowbrook,4131,Café,,,,,,,,,
614,Meldale,4510,,,,,,,,,,
615,Melrose Park,2114,Business Service,Gym,Park,Boat or Ferry,Café,,,,,
616,Menai,2234,Bus Stop,Seafood Restaurant,Bus Station,Asian Restaurant,Video Game Store,,,,,
617,Menangle Park,2563,,,,,,,,,,
618,Merrylands,2160,Fast Food Restaurant,Pizza Place,Café,Health Food Store,Restaurant,Big Box Store,Supermarket,Chocolate Shop,Shopping Mall,Food Court
619,Merrylands West,2160,Bakery,Café,Gourmet Shop,Mexican Restaurant,,,,,,
620,Middle Cove,2068,Park,Café,Playground,,,,,,,
621,Middle Dural,2158,Flower Shop,,,,,,,,,
622,Middle Park,4074,Indian Restaurant,Italian Restaurant,Fruit & Vegetable Store,Café,Supermarket,Soccer Field,Shopping Mall,,,
623,Middleton Grange,2171,,,,,,,,,,
624,Miller,2168,Paper / Office Supplies Store,Hotel,Gym,Bar,,,,,,
625,Millers Point,2000,Café,Pub,Hotel,Coffee Shop,Seafood Restaurant,Park,Italian Restaurant,Donut Shop,Gym / Fitness Center,Bakery
626,Milperra,2214,Food & Drink Shop,Café,,,,,,,,
627,Milsons Passage,2083,Moving Target,,,,,,,,,
628,Milsons Point,2061,Café,Park,Italian Restaurant,Theme Park Ride / Attraction,Thai Restaurant,Bar,Theme Park,Burger Joint,Tapas Restaurant,Supermarket
629,Milton,4064,Café,Brewery,Thai Restaurant,Bookstore,Sandwich Place,Grocery Store,Bar,Gym / Fitness Center,Paper / Office Supplies Store,Australian Restaurant
630,Minchinbury,2770,Grocery Store,Shopping Mall,Fish & Chips Shop,Pizza Place,,,,,,
631,Minto,2566,Fast Food Restaurant,Grocery Store,Supermarket,Department Store,Coffee Shop,,,,,
632,Minto Heights,2566,Home Service,Business Service,,,,,,,,
633,Miranda,2228,Bus Station,Intersection,Paper / Office Supplies Store,,,,,,,
634,Mitchelton,4053,Farmers Market,Gym,Coffee Shop,Steakhouse,Burger Joint,Swiss Restaurant,Fast Food Restaurant,Thai Restaurant,Seafood Restaurant,Grocery Store
635,Moggill,4070,,,,,,,,,,
636,Mona Vale,2103,Café,Supermarket,Park,Gym,Asian Restaurant,Fried Chicken Joint,Bus Stop,Fast Food Restaurant,Sandwich Place,Thrift / Vintage Store
637,Monterey,2217,Breakfast Spot,Burger Joint,Beach,Pizza Place,,,,,,
638,Moodlu,4510,,,,,,,,,,
639,Moore Park,2021,Park,Cricket Ground,Movie Theater,Event Space,Gym,Multiplex,Bus Station,Bus Stop,Shopping Mall,Café
640,Moorebank,2170,Bakery,Auto Garage,,,,,,,,
641,Moores Pocket,4305,,,,,,,,,,
642,Moorina,4506,,,,,,,,,,
643,Moorooka,4105,Portuguese Restaurant,Pharmacy,Sandwich Place,Other Repair Shop,Shopping Mall,Bar,Bakery,Burger Joint,,
644,Morayfield,4506,Fast Food Restaurant,Liquor Store,Multiplex,Café,Department Store,Juice Bar,Electronics Store,Big Box Store,Shopping Mall,Video Game Store
645,Morning Bay,2105,Trail,Hostel,,,,,,,,
646,Morningside,4170,Gift Shop,Electronics Store,Café,Tennis Court,Business Service,,,,,
647,Mortdale,2223,Bar,Supermarket,Business Service,,,,,,,
648,Mortlake,2137,Pizza Place,Café,Pub,Park,Thai Restaurant,Grocery Store,Spa,,,
649,Mosman,2088,Café,Bakery,Creperie,Dry Cleaner,Park,Burger Joint,Pub,Grocery Store,Fried Chicken Joint,Italian Restaurant
650,Mount Annan,2567,Park,Food,Playground,,,,,,,
651,Mount Colah,2079,,,,,,,,,,
652,Mount Cotton,4165,,,,,,,,,,
653,Mount Crosby,4306,,,,,,,,,,
654,Mount Druitt,2770,Platform,Fast Food Restaurant,Arts & Crafts Store,Market,Train Station,Big Box Store,Electronics Store,,,
655,Mount Forbes,4340,,,,,,,,,,
656,Mount Gravatt,4122,Park,Café,Farm,Shopping Mall,,,,,,
657,Mount Gravatt East,4122,Liquor Store,Music Venue,Bus Station,Video Game Store,,,,,,
658,Mount Lewis,2190,Pastry Shop,Lebanese Restaurant,Dessert Shop,Field,,,,,,
659,Mount Marrow,4306,,,,,,,,,,
660,Mount Mee,4521,,,,,,,,,,
661,Mount Ommaney,4074,Jewelry Store,Discount Store,,,,,,,,
662,Mount Pritchard,2170,Restaurant,Deli / Bodega,Vietnamese Restaurant,Gym / Fitness Center,,,,,,
663,Mount Samson,4520,,,,,,,,,,
664,Mount Vernon,2178,,,,,,,,,,
665,Mount Warren Park,4207,Gym,Bowling Alley,Grocery Store,Medical Supply Store,Thai Restaurant,,,,,
666,Muirlea,4306,,,,,,,,,,
667,Mulgoa,2745,Café,Restaurant,,,,,,,,
668,Mulgrave,2756,,,,,,,,,,
669,Mundoolun,4285,,,,,,,,,,
670,Munruben,4125,,,,,,,,,,
671,Murarrie,4172,Harbor / Marina,Bus Station,,,,,,,,
672,Murrumba Downs,4503,Fish & Chips Shop,Pub,Grocery Store,,,,,,,
673,Mutdapilly,4307,,,,,,,,,,
674,Narangba,4504,Liquor Store,Athletics & Sports,,,,,,,,
675,Narellan Vale,2567,,,,,,,,,,
676,Naremburn,2065,Café,Electronics Store,Pizza Place,Liquor Store,Thai Restaurant,Beer Bar,Coffee Shop,Seafood Restaurant,Cupcake Shop,Japanese Restaurant
677,Narrabeen,2101,Convenience Store,Beach,Board Shop,Australian Restaurant,,,,,,
678,Narraweena,2099,Playground,Home Service,,,,,,,,
679,Narwee,2209,Pub,Train Station,Convenience Store,Café,Pizza Place,Bakery,,,,
680,Nathan,4111,Bar,Gym,Trail,Wine Bar,Bookstore,Café,,,,
681,Nelson,2765,,,,,,,,,,
682,Neurum,4514,Music Venue,Home Service,,,,,,,,
683,Neutral Bay,2089,Japanese Restaurant,Café,Pharmacy,Thai Restaurant,Supermarket,Bakery,Restaurant,Fast Food Restaurant,Tennis Court,Sandwich Place
684,New Beith,4124,Construction & Landscaping,,,,,,,,,
685,New Chum,4303,,,,,,,,,,
686,New Farm,4005,Café,Bakery,Playground,Athletics & Sports,Shopping Mall,Fruit & Vegetable Store,Bowling Green,Seafood Restaurant,Supermarket,Liquor Store
687,Newington,2127,Movie Theater,Playground,Lounge,Toy / Game Store,,,,,,
688,Newmarket,4051,Pub,Coffee Shop,Burger Joint,Bus Stop,Supermarket,Shopping Mall,Mexican Restaurant,Café,Organic Grocery,Sandwich Place
689,Newport,2106,Harbor / Marina,French Restaurant,Beer Store,German Restaurant,,,,,,
690,Newport,4020,Harbor / Marina,,,,,,,,,
691,Newstead,4006,Café,Brewery,Restaurant,Park,Italian Restaurant,Bistro,Shopping Mall,Juice Bar,American Restaurant,Fish & Chips Shop
692,Newtown,2042,Café,Bar,Ice Cream Shop,Bakery,Thai Restaurant,Bookstore,Vietnamese Restaurant,Pizza Place,Turkish Restaurant,Vegetarian / Vegan Restaurant
693,Ningi,4511,Health & Beauty Service,,,,,,,,,
694,Norman Park,4170,Breakfast Spot,Park,Train Station,Café,Dog Run,,,,,
695,Normanhurst,2076,Train Station,Café,Platform,Asian Restaurant,,,,,,
696,North Balgowlah,2093,Café,Gym / Fitness Center,Convenience Store,Playground,Burger Joint,,,,,
697,North Bondi,2026,Café,Australian Restaurant,Seafood Restaurant,Beach,Bar,Coffee Shop,Resort,Poke Place,Golf Course,Lounge
698,North Booval,4304,Business Service,,,,,,,,,
699,North Curl Curl,2099,Coffee Shop,Park,Liquor Store,Beach,Surf Spot,,,,,
700,North Epping,2121,Park,Fried Chicken Joint,Pharmacy,,,,,,,
701,North Ipswich,4305,,,,,,,,,,
702,North Kellyville,2155,Bakery,Supermarket,Garden Center,Shopping Plaza,,,,,,
703,North Lakes,4509,Skate Park,Brewery,Pool,Café,Design Studio,Athletics & Sports,,,,
704,North Maclean,4280,,,,,,,,,,
705,North Manly,2100,Athletics & Sports,Park,Furniture / Home Store,Golf Course,,,,,,
706,North Narrabeen,2101,Bus Station,Sports Bar,Playground,Lake,,,,,,
707,North Parramatta,2151,Jewelry Store,Thai Restaurant,Pet Store,,,,,,,
708,North Richmond,2754,Bakery,Grocery Store,Café,,,,,,,
709,North Rocks,2151,Shopping Mall,,,,,,,,,
710,North Ryde,2113,Café,Pharmacy,Pizza Place,Thai Restaurant,Shopping Mall,Grocery Store,Video Store,Thrift / Vintage Store,Deli / Bodega,
711,North St Marys,2760,Sports Club,Indoor Play Area,Football Stadium,Convenience Store,Buffet,Fast Food Restaurant,,,,
712,North Strathfield,2137,Café,Indian Restaurant,Gym,Liquor Store,Korean Restaurant,Shopping Mall,Bowling Alley,Steakhouse,Supermarket,Noodle House
713,North Sydney,2060,Café,Gym,Juice Bar,Bar,Coffee Shop,Japanese Restaurant,Bakery,Sandwich Place,Burger Joint,Seafood Restaurant
714,North Tivoli,4305,Baseball Field,,,,,,,,,
715,North Turramurra,2074,Golf Course,Auto Workshop,,,,,,,,
716,North Wahroonga,2076,,,,,,,,,,
717,North Willoughby,2068,Bakery,Italian Restaurant,Café,Fruit & Vegetable Store,Wine Shop,Japanese Restaurant,Park,Organic Grocery,Bus Station,Fast Food Restaurant
718,Northbridge,2063,Park,Wine Shop,Café,Golf Course,,,,,,
719,Northgate,4013,Motel,,,,,,,,,
720,Northmead,2152,Bakery,Chinese Restaurant,Grocery Store,Convenience Store,Pizza Place,Farmers Market,Seafood Restaurant,Coffee Shop,,
721,Northwood,2066,Pier,Park,Golf Course,Tennis Court,,,,,,
722,Norwest,2153,Coffee Shop,Hotel,Fried Chicken Joint,Juice Bar,Mexican Restaurant,Supermarket,Train Station,Middle Eastern Restaurant,Bakery,Salad Place
723,Nudgee,4014,,,,,,,,,,
724,Nudgee Beach,4014,,,,,,,,,,
725,Nundah,4012,Café,Coffee Shop,Pub,Video Store,Sandwich Place,Gym,Noodle House,Train Station,Supermarket,Shopping Mall
726,Oakhurst,2761,Snack Place,Park,Convenience Store,Soccer Field,Pizza Place,,,,,
727,Oakville,2765,,,,,,,,,,
728,Oatlands,2117,Park,Grocery Store,Burger Joint,Golf Course,Shopping Mall,,,,,
729,Oatley,2223,French Restaurant,Italian Restaurant,Historic Site,Café,,,,,,
730,Ocean View,4521,,,,,,,,,,
731,Old Guildford,2161,Paper / Office Supplies Store,Soccer Field,Fast Food Restaurant,Electronics Store,,,,,,
732,Old Toongabbie,2146,Park,Gym,Grocery Store,Comfort Food Restaurant,,,,,,
733,One Mile,4305,,,,,,,,,,
734,Oran Park,2570,Discount Store,Construction & Landscaping,Shopping Mall,Donut Shop,Business Service,,,,,
735,Orchard Hills,2748,,,,,,,,,,
736,Ormiston,4160,Italian Restaurant,Train Station,Thai Restaurant,Bakery,,,,,,
737,Oxford Falls,2100,Scenic Lookout,Park,Café,,,,,,,
738,Oxley,4075,Coffee Shop,Italian Restaurant,Train Station,Supermarket,Café,Bus Station,,,,
739,Oxley Park,2760,Convenience Store,,,,,,,,,
740,Oyster Bay,2225,,,,,,,,,,
741,Paddington,2021,Café,Bar,Restaurant,Pub,Italian Restaurant,Pizza Place,Road,Thai Restaurant,Lounge,Gourmet Shop
742,Paddington,4064,Café,Italian Restaurant,Coffee Shop,Indian Restaurant,Pizza Place,Sandwich Place,Gym,Toy / Game Store,Laundromat,Himalayan Restaurant
743,Padstow,2211,Café,Thai Restaurant,Bar,Fish & Chips Shop,Shop & Service,,,,,
744,Padstow Heights,2211,Park,Medical Supply Store,,,,,,,,
745,Pagewood,2035,Park,Office,Café,Fish Market,,,,,,
746,Pallara,4110,,,,,,,,,,
747,Palm Beach,2108,Café,Pub,Breakfast Spot,Wine Shop,Beach,Australian Restaurant,Surf Spot,Coffee Shop,,
748,Panania,2213,Pizza Place,Business Service,Grocery Store,Fast Food Restaurant,Coffee Shop,Asian Restaurant,Seafood Restaurant,Fried Chicken Joint,,
749,Park Ridge,4125,,,,,,,,,,
750,Park Ridge South,4125,Construction & Landscaping,,,,,,,,,
751,Parkinson,4115,Bus Station,,,,,,,,,
752,Parklea,2768,Bus Station,Spa,BBQ Joint,Playground,Park,Fast Food Restaurant,Bus Stop,,,
753,Parramatta,2150,Thai Restaurant,Café,Coffee Shop,Burger Joint,Chinese Restaurant,Dessert Shop,Mexican Restaurant,Lebanese Restaurant,Sushi Restaurant,Juice Bar
754,Peakhurst,2210,Sports Bar,Market,Child Care Service,Theme Park,Café,Shop & Service,,,,
755,Peakhurst Heights,2210,Health Food Store,,,,,,,,,
756,Pemulwuy,2145,Scenic Lookout,Park,Playground,Café,,,,,,
757,Pendle Hill,2145,Indian Restaurant,Fast Food Restaurant,Department Store,Dessert Shop,Pizza Place,,,,,
758,Pennant Hills,2120,Café,Thai Restaurant,Indian Restaurant,Arts & Crafts Store,Grocery Store,Gym,Gym / Fitness Center,Chinese Restaurant,Sushi Restaurant,Noodle House
759,Penrith,2750,Department Store,Performing Arts Venue,Supermarket,Fast Food Restaurant,Tennis Court,,,,,
760,Penshurst,2222,Café,Gas Station,Pizza Place,Video Game Store,,,,,,
761,Petersham,2049,Café,Portuguese Restaurant,Pub,Park,Butcher,Bowling Green,Bus Station,Supermarket,Gym,Seafood Restaurant
762,Petrie,4502,Scenic Lookout,,,,,,,,,
763,Petrie Terrace,4000,Hostel,Indian Restaurant,Seafood Restaurant,Tapas Restaurant,Beer Bar,Beer Garden,Sushi Restaurant,Supermarket,Steakhouse,Café
764,Phillip Bay,2036,Beach,Sports Bar,Park,,,,,,,
765,Picnic Point,2213,Chinese Restaurant,,,,,,,,,
766,Pine Mountain,4306,,,,,,,,,,
767,Pinjarra Hills,4069,,,,,,,,,,
768,Pinkenba,4008,,,,,,,,,,
769,Pitt Town,2756,,,,,,,,,,
770,Pitt Town Bottoms,2756,,,,,,,,,,
771,Pleasure Point,2172,,,,,,,,,,
772,Plumpton,2761,Convenience Store,,,,,,,,,
773,Point Lookout,4183,,,,,,,,,,
774,Point Piper,2027,Beach,Harbor / Marina,Coffee Shop,,,,,,,
775,Port Hacking,2229,,,,,,,,,,
776,Potts Hill,2143,,,,,,,,,,
777,Potts Point,2011,Café,Hotel,Australian Restaurant,Italian Restaurant,Chinese Restaurant,Harbor / Marina,Trail,Park,Convenience Store,Fish & Chips Shop
778,Prairiewood,2176,Basketball Court,,,,,,,,,
779,Prestons,2170,,,,,,,,,,
780,Priestdale,4127,,,,,,,,,,
781,Prospect,2148,Furniture / Home Store,Sporting Goods Shop,Sandwich Place,Shopping Mall,,,,,,
782,Pullenvale,4069,,,,,,,,,,
783,Punchbowl,2196,Bar,Furniture / Home Store,Liquor Store,Pet Store,,,,,,
784,Purga,4306,Athletics & Sports,,,,,,,,,
785,Putney,2112,Café,Grocery Store,Park,Burger Joint,Snack Place,Thai Restaurant,,,,
786,Pymble,2073,Gym,Pub,Park,Train Station,Pizza Place,Café,Coffee Shop,,,
787,Pyrmont,2009,Café,Bar,Italian Restaurant,Breakfast Spot,Australian Restaurant,Japanese Restaurant,French Restaurant,Coffee Shop,Pub,Restaurant
788,Quakers Hill,2763,North Indian Restaurant,Park,Fried Chicken Joint,Train Station,Pharmacy,,,,,
789,Queens Park,2022,Park,Italian Restaurant,Café,Playground,Diner,,,,,
790,Queenscliff,2096,Café,Bakery,Burger Joint,Restaurant,Sushi Restaurant,Farmers Market,Grocery Store,Park,Cocktail Bar,Coffee Shop
791,Raby,2566,Dog Run,,,,,,,,,
792,Raceview,4305,,,,,,,,,,
793,Ramsgate,2217,Pizza Place,Café,Pub,Greek Restaurant,Beach,Italian Restaurant,Thai Restaurant,Recreation Center,Farmers Market,
794,Ramsgate Beach,2217,Seafood Restaurant,Beach,Café,Thai Restaurant,Supermarket,Gas Station,Farmers Market,Pharmacy,,
795,Randwick,2031,Café,Thai Restaurant,Fast Food Restaurant,Gym,Supermarket,Sandwich Place,Grocery Store,Bakery,Lebanese Restaurant,Sushi Restaurant
796,Ransome,4154,Trail,,,,,,,,,
797,Red Hill,4059,Bakery,Fish & Chips Shop,Salad Place,Thai Restaurant,Beer Store,Lebanese Restaurant,Café,Pet Café,Pharmacy,Shopping Mall
798,Redbank,4301,Food & Drink Shop,,,,,,,,,
799,Redbank Plains,4301,,,,,,,,,,
800,Redcliffe,4020,Pizza Place,Grocery Store,Fast Food Restaurant,,,,,,,
801,Redfern,2016,Café,Bar,Park,Pub,Gymnastics Gym,Lebanese Restaurant,Lounge,Pakistani Restaurant,Jazz Club,Bakery
802,Redland Bay,4165,Park,,,,,,,,,
803,Regents Park,2143,Train Station,Athletics & Sports,Pizza Place,Vietnamese Restaurant,,,,,,
804,Regents Park,4118,,,,,,,,,,
805,Regentville,2745,,,,,,,,,,
806,Revesby,2212,,,,,,,,,,
807,Revesby Heights,2212,Café,,,,,,,,,
808,Rhodes,2138,Park,Café,Asian Restaurant,Australian Restaurant,Thai Restaurant,Japanese Restaurant,Convenience Store,Platform,Trail,Dim Sum Restaurant
809,Richlands,4077,Food & Drink Shop,Pet Store,,,,,,,,
810,Richmond,2753,Supermarket,Café,Movie Theater,Park,Fast Food Restaurant,Discount Store,Video Game Store,Department Store,Pizza Place,Spa
811,Richmond Lowlands,2753,Stables,,,,,,,,,
812,Ripley,4306,Café,,,,,,,,,
813,Riverhills,4074,Bus Station,Construction & Landscaping,Burger Joint,,,,,,,
814,Riverstone,2765,Sandwich Place,Shopping Mall,Train Station,Seafood Restaurant,Café,Fast Food Restaurant,,,,
815,Riverview,2066,Park,Business Service,Harbor / Marina,Trail,Supplement Shop,,,,,
816,Riverview,4303,Train Station,Record Shop,,,,,,,,
817,Riverwood,2210,Pizza Place,Fast Food Restaurant,Vietnamese Restaurant,Bakery,Sandwich Place,Seafood Restaurant,Train Station,Café,Coffee Shop,Asian Restaurant
818,Robertson,4109,,,,,,,,,,
819,Rochedale,4123,Chinese Restaurant,Construction & Landscaping,Café,,,,,,,
820,Rochedale South,4123,IT Services,,,,,,,,,
821,Rockdale,2216,Bakery,Coffee Shop,Fast Food Restaurant,Café,Pastry Shop,Newsstand,Vietnamese Restaurant,Middle Eastern Restaurant,Convenience Store,Thai Restaurant
822,Rocklea,4106,Electronics Store,,,,,,,,,
823,Rocksberg,4510,,,,,,,,,,
824,Rodd Point,2046,Park,Gym,Mountain,Trail,Harbor / Marina,Pizza Place,Café,,,
825,Rookwood,2141,Home Service,,,,,,,,,
826,Rooty Hill,2766,Grocery Store,Burger Joint,Fried Chicken Joint,Train Station,Pizza Place,Café,Bakery,Filipino Restaurant,,
827,Ropes Crossing,2760,Park,,,,,,,,,
828,Rose Bay,2029,Café,Golf Course,Football Stadium,Harbor / Marina,Basketball Court,Tennis Court,Beer Garden,,,
829,Rosebery,2018,Sports Bar,Souvlaki Shop,Bowling Alley,Ice Cream Shop,Hotel Bar,Café,Burger Joint,Dog Run,,
830,Rosehill,2142,Hotel,Stadium,American Restaurant,Train Station,Gas Station,Restaurant,History Museum,,,
831,Roselands,2196,Fried Chicken Joint,Pizza Place,Pub,Modern European Restaurant,Mobile Phone Shop,Bus Station,Fast Food Restaurant,Bar,Electronics Store,Pool
832,Rosemeadow,2560,,,,,,,,,,
833,Roseville,2069,Breakfast Spot,Japanese Restaurant,Liquor Store,Campground,Sporting Goods Shop,,,,,
834,Roseville Chase,2069,Park,Construction & Landscaping,Beach,Coffee Shop,,,,,,
835,Rosewood,4340,Pub,Train Station,Grocery Store,Photography Studio,,,,,,
836,Rossmore,2557,,,,,,,,,,
837,Rothwell,4022,Pet Store,,,,,,,,,
838,Rouse Hill,2155,Pizza Place,Fast Food Restaurant,Chinese Restaurant,Pharmacy,Park,Thai Restaurant,Shopping Mall,Grocery Store,Supermarket,
839,Rozelle,2039,Café,Vegetarian / Vegan Restaurant,Pub,Bus Station,Flea Market,Bar,Bakery,Electronics Store,Pizza Place,Gym
840,Runcorn,4113,Bus Station,Train Station,Grocery Store,Sushi Restaurant,,,,,,
841,Ruse,2560,Bakery,Pub,Convenience Store,Liquor Store,Grocery Store,Cafeteria,,,,
842,Rush Creek,4521,Business Service,,,,,,,,,
843,Rushcutters Bay,2011,Café,Italian Restaurant,Park,Pizza Place,Coffee Shop,Japanese Restaurant,Harbor / Marina,Wine Bar,Sushi Restaurant,Tennis Court
844,Russell Lea,2046,Park,Indian Restaurant,Greek Restaurant,Thai Restaurant,,,,,,
845,Rydalmere,2116,Electronics Store,Asian Restaurant,Thai Restaurant,Climbing Gym,Supermarket,Café,Bus Station,Shipping Store,Fast Food Restaurant,Home Service
846,Ryde,2112,Café,Pub,Bar,Supermarket,Brazilian Restaurant,Food Court,Shopping Mall,Noodle House,Sandwich Place,Chocolate Shop
847,Sackville,2756,,,,,,,,,,
848,Sackville North,2756,Park,,,,,,,,,
849,Sadleir,2168,,,,,,,,,,
850,Sadliers Crossing,4305,Train Station,Tree,Thai Restaurant,,,,,,,
851,Salisbury,4107,Coffee Shop,Brewery,Convenience Store,Soccer Field,,,,,,
852,Samford Valley,4520,Music Venue,Garden Center,Café,Flower Shop,,,,,,
853,Samford Village,4520,Café,Bakery,Park,Gym,Grocery Store,,,,,
854,Samsonvale,4520,,,,,,,,,,
855,Sandgate,4017,Café,Bakery,Pizza Place,Park,Coffee Shop,Fast Food Restaurant,Thrift / Vintage Store,Bus Station,Bar,Pub
856,Sandringham,2219,Café,Sports Bar,Beach,,,,,,,
857,Sandstone Point,4511,Park,Print Shop,Chinese Restaurant,,,,,,,
858,Sandy Point,2172,,,,,,,,,,
859,Sans Souci,2219,French Restaurant,Bistro,,,,,,,,
860,Scarborough,4020,Health & Beauty Service,Market,,,,,,,,
861,Scheyville,2756,Park,,,,,,,,,
862,Schofields,2762,,,,,,,,,,
863,Seaforth,2092,Bakery,Event Service,,,,,,,,
864,Sefton,2162,Park,Pub,,,,,,,,
865,Seven Hills,2147,Supermarket,Fast Food Restaurant,Gym,Indian Restaurant,Café,Shopping Mall,,,,
866,Seven Hills,4170,Café,Health & Beauty Service,Dance Studio,Thai Restaurant,,,,,,
867,Seventeen Mile Rocks,4073,,,,,,,,,,
868,Shailer Park,4128,Lingerie Store,,,,,,,,,
869,Shalvey,2770,Gas Station,Art Gallery,,,,,,,,
870,Shanes Park,2747,,,,,,,,,,
871,Sheldon,4157,,,,,,,,,,
872,Sherwood,4075,Bakery,Coffee Shop,Liquor Store,Supermarket,Café,Video Store,,,,
873,Shorncliffe,4017,Food Truck,Train Station,Café,,,,,,,
874,Silkstone,4304,Convenience Store,Massage Studio,,,,,,,,
875,Silverwater,2128,Café,Electronics Store,Fast Food Restaurant,Sandwich Place,Furniture / Home Store,Pharmacy,,,,
876,Sinnamon Park,4073,Café,Bike Trail,,,,,,,,
877,Slacks Creek,4127,Park,Construction & Landscaping,,,,,,,,
878,Smeaton Grange,2567,Gym / Fitness Center,Gym Pool,Gym,,,,,,,
879,Smithfield,2164,Fast Food Restaurant,Portuguese Restaurant,Turkish Restaurant,Museum,Supermarket,General Entertainment,Park,Sandwich Place,Italian Restaurant,
880,South Brisbane,4101,Café,Coffee Shop,Japanese Restaurant,Thai Restaurant,Bar,Ice Cream Shop,Australian Restaurant,Theater,Beer Bar,Cocktail Bar
881,South Coogee,2034,Bakery,Trail,Park,Café,,,,,,
882,South Granville,2142,Middle Eastern Restaurant,,,,,,,,,
883,South Hurstville,2221,Fried Chicken Joint,Pizza Place,Food & Drink Shop,Pub,General Entertainment,Farmers Market,Falafel Restaurant,Thai Restaurant,Grocery Store,Electronics Store
884,South Maclean,4280,,,,,,,,,,
885,South Maroota,2756,,,,,,,,,,
886,South Penrith,2750,Pub,Fish & Chips Shop,Gym,Pharmacy,Fast Food Restaurant,Video Store,,,,
887,South Ripley,4306,,,,,,,,,,
888,South Turramurra,2074,Baseball Field,Clothing Store,,,,,,,,
889,South Wentworthville,2145,Supermarket,Fast Food Restaurant,Business Service,Liquor Store,Paper / Office Supplies Store,Steakhouse,Gym,Shopping Mall,,
890,South Windsor,2756,Sports Club,Basketball Stadium,Bowling Alley,Pub,,,,,,
891,Spring Farm,2570,Park,Lake,,,,,,,,
892,Spring Hill,4000,Café,Hotel,Pub,Sandwich Place,Pizza Place,Restaurant,Supermarket,Gym Pool,Gastropub,Bar
893,Spring Mountain,4124,Performing Arts Venue,,,,,,,,,
894,Springfield,4300,Pizza Place,,,,,,,,,
895,Springfield Central,4300,Ice Cream Shop,Café,,,,,,,,
896,Springfield Lakes,4300,,,,,,,,,,
897,Springwood,4127,,,,,,,,,,
898,St Andrews,2566,Convenience Store,Chinese Restaurant,Shopping Mall,Pizza Place,,,,,,
899,St Clair,2759,BBQ Joint,,,,,,,,,
900,St Helens Park,2560,Massage Studio,Dog Run,,,,,,,,
901,St Ives,2075,German Restaurant,Breakfast Spot,,,,,,,,
902,St Ives Chase,2075,Ice Cream Shop,Airport,Shopping Mall,Pizza Place,,,,,,
903,St Johns Park,2176,Park,Farmers Market,Soccer Field,Photography Studio,,,,,,
904,St Leonards,2065,Café,Coffee Shop,Chinese Restaurant,Gym,Vietnamese Restaurant,Playground,Asian Restaurant,Thai Restaurant,Sandwich Place,Sushi Restaurant
905,St Lucia,4067,Gym,Bakery,Grocery Store,Convenience Store,Liquor Store,Pizza Place,Coffee Shop,,,
906,St Marys,2760,Supermarket,Sports Bar,Shopping Mall,Gym,Steakhouse,Pizza Place,Chinese Restaurant,Pharmacy,Fast Food Restaurant,Big Box Store
907,St Peters,2044,Fast Food Restaurant,Coffee Shop,Pub,Brewery,Liquor Store,Recreation Center,Hotel,Pet Store,Grocery Store,
908,Stafford,4053,Fast Food Restaurant,Thrift / Vintage Store,Multiplex,Chinese Restaurant,Japanese Restaurant,Café,Bus Station,Hobby Shop,,
909,Stafford Heights,4053,Bakery,Coffee Shop,Gym,Supermarket,Farmers Market,Pizza Place,Fish & Chips Shop,Asian Restaurant,,
910,Stanhope Gardens,2768,Business Service,,,,,,,,,
911,Stanmore,2048,Café,Pub,Park,Restaurant,,,,,,
912,Stanmore,4514,,,,,,,,,,
913,Stockleigh,4280,Home Service,,,,,,,,,
914,Stones Corner,4120,Indian Restaurant,Laundromat,Burger Joint,Bus Station,Café,Sushi Restaurant,Noodle House,Sandwich Place,Gym,Park
915,Stony Creek,4514,,,,,,,,,,
916,Strathfield,2135,Park,,,,,,,,,
917,Strathfield South,2136,Park,Asian Restaurant,Chinese Restaurant,Hotel,,,,,,
918,Strathpine,4500,Fast Food Restaurant,Train Station,Thai Restaurant,Pizza Place,,,,,,
919,Stretton,4116,Trail,,,,,,,,,
920,Summer Hill,2130,Café,Burger Joint,Pizza Place,Coffee Shop,Indian Restaurant,Australian Restaurant,Farmers Market,Grocery Store,Thai Restaurant,Gym
921,Sumner,4074,Brewery,Locksmith,Auto Garage,,,,,,,
922,Sunnybank,4109,Bowling Green,Salon / Barbershop,Bus Station,Korean Restaurant,Athletics & Sports,,,,,
923,Sunnybank Hills,4109,Park,Bakery,Yoga Studio,,,,,,,
924,Surry Hills,2010,Café,Coffee Shop,Pub,Pizza Place,Japanese Restaurant,Vietnamese Restaurant,Lebanese Restaurant,Breakfast Spot,Vegetarian / Vegan Restaurant,Indian Restaurant
925,Sutherland,2232,Café,Coffee Shop,Sandwich Place,Thai Restaurant,Pub,Grocery Store,Platform,Sushi Restaurant,Supermarket,Thrift / Vintage Store
926,Sydenham,2044,Café,Fast Food Restaurant,Speakeasy,Liquor Store,Grocery Store,Fish Market,Pet Store,,,
927,Sydney Olympic Park,2127,Café,Hotel,Sushi Restaurant,Vietnamese Restaurant,Stadium,Juice Bar,Event Space,Restaurant,Coffee Shop,Steakhouse
928,Sylvania,2224,Supermarket,Liquor Store,Breakfast Spot,Café,Video Game Store,Farmers Market,Donut Shop,Bowling Alley,Sandwich Place,Cupcake Shop
929,Sylvania Waters,2224,Café,Athletics & Sports,Golf Course,,,,,,,
930,Taigum,4018,Sandwich Place,Supermarket,Other Repair Shop,Clothing Store,Gym,Bus Station,Department Store,Video Game Store,,
931,Tallegalla,4340,,,,,,,,,,
932,Tamarama,2026,Beach,Pizza Place,Australian Restaurant,Café,Vegetarian / Vegan Restaurant,Scenic Lookout,Bakery,Surf Spot,Coffee Shop,Health Food Store
933,Tamborine,4270,,,,,,,,,,
934,Tanah Merah,4128,Indian Restaurant,Burger Joint,,,,,,,,
935,Taren Point,2229,Café,Bowling Green,Paper / Office Supplies Store,Department Store,Flower Shop,Burger Joint,Pier,,,
936,Taringa,4068,Pet Store,Pizza Place,Luggage Store,Gym,Mexican Restaurant,Café,Sushi Restaurant,Health Food Store,Coffee Shop,Dessert Shop
937,Tarragindi,4121,Hot Dog Joint,Yoga Studio,Indian Restaurant,Bus Station,Coffee Shop,,,,,
938,Telopea,2117,Bakery,Train Station,Asian Restaurant,,,,,,,
939,Tempe,2044,Food Truck,Gas Station,Park,Thai Restaurant,Golf Course,Bus Station,Pub,,,
940,Teneriffe,4005,Brewery,Café,Breakfast Spot,Italian Restaurant,Ice Cream Shop,Thai Restaurant,Trail,Park,Beer Bar,Bus Stop
941,Tennyson,2754,,,,,,,,,,
942,Tennyson,4105,,,,,,,,,,
943,Tennyson Point,2111,Park,Cafeteria,,,,,,,,
944,Terrey Hills,2084,Park,Grocery Store,Café,Fast Food Restaurant,Bus Stop,,,,,
945,Thagoona,4306,,,,,,,,,,
946,The Gap,4061,Park,Market,,,,,,,,
947,The Rocks,2000,Café,Hotel,Australian Restaurant,Pub,Sandwich Place,Hotel Bar,Italian Restaurant,Cocktail Bar,Park,Speakeasy
948,The Slopes,2754,,,,,,,,,,
949,Thorneside,4158,Grocery Store,BBQ Joint,Dance Studio,Soccer Field,Pet Store,,,,,
950,Thornlands,4164,Garden Center,Business Service,,,,,,,,
951,Thornleigh,2120,Gym / Fitness Center,Pizza Place,Thai Restaurant,Golf Course,Café,Fast Food Restaurant,Athletics & Sports,Hotel,Asian Restaurant,Soccer Field
952,Tingalpa,4173,Coffee Shop,Gas Station,Kebab Restaurant,Sandwich Place,Gym / Fitness Center,Liquor Store,Seafood Restaurant,Mexican Restaurant,Shopping Mall,Grocery Store
953,Tivoli,4305,Baseball Field,,,,,,,,,
954,Toongabbie,2146,Platform,Gym / Fitness Center,Bar,Train Station,Café,,,,,
955,Toorbul,4510,Pub,Park,Scenic Lookout,,,,,,,
956,Tregear,2770,,,,,,,,,,
957,Turramurra,2074,Café,Bakery,Liquor Store,Indian Restaurant,Music Store,Grocery Store,Thai Restaurant,Supermarket,Burger Joint,Shopping Mall
958,Turrella,2205,Park,Train Station,Platform,Burger Joint,,,,,,
959,Ultimo,2007,Café,Coffee Shop,Ice Cream Shop,Hotel,Dumpling Restaurant,Bar,Burger Joint,Thai Restaurant,Lounge,Malay Restaurant
960,Underwood,4119,Grocery Store,Fast Food Restaurant,Portuguese Restaurant,Electronics Store,Gym,Supermarket,Pizza Place,Dim Sum Restaurant,Coffee Shop,Middle Eastern Restaurant
961,Undullah,4285,,,,,,,,,,
962,Upper Brookfield,4069,Bus Station,,,,,,,,,
963,Upper Caboolture,4510,,,,,,,,,,
964,Upper Kedron,4055,Bus Station,Garden Center,,,,,,,,
965,Upper Mount Gravatt,4122,Indian Restaurant,Bakery,Coffee Shop,Chinese Restaurant,Sandwich Place,Café,Fast Food Restaurant,Shopping Mall,Supermarket,Sushi Restaurant
966,Varroville,2566,,,,,,,,,,
967,Vaucluse,2030,Beach,Historic Site,History Museum,Café,,,,,,
968,Veresdale,4285,Hotel,,,,,,,,,
969,Veresdale Scrub,4285,,,,,,,,,,
970,Victoria Point,4165,Video Store,,,,,,,,,
971,Villawood,2163,Train Station,Gym,Bowling Alley,Liquor Store,,,,,,
972,Vineyard,2765,Train Station,Flower Shop,Pet Store,,,,,,,
973,Virginia,4014,Pet Store,Sporting Goods Shop,Pharmacy,Paper / Office Supplies Store,Golf Course,Gym,Construction & Landscaping,,,
974,Voyager Point,2172,Lake,,,,,,,,,
975,Wacol,4076,Train Station,Burger Joint,,,,,,,,
976,Waitara,2077,Thai Restaurant,Sports Club,Park,Chinese Restaurant,BBQ Joint,Rental Car Location,Gym,Food & Drink Shop,Turkish Restaurant,Sports Bar
977,Wakeley,2176,Sports Bar,Pizza Place,,,,,,,,
978,Wakerley,4154,Electronics Store,Motel,,,,,,,,
979,Wallacia,2745,Campground,Lake,Health & Beauty Service,Hotel Bar,Gas Station,Rest Area,,,,
980,Walloon,4306,Pub,Grocery Store,,,,,,,,
981,Wamuran,4512,Grocery Store,Café,,,,,,,,
982,Wamuran Basin,4512,,,,,,,,,,
983,Wareemba,2046,Italian Restaurant,Photography Studio,Grocery Store,Burger Joint,Thai Restaurant,Café,Gift Shop,,,
984,Warner,4500,,,,,,,,,,
985,Warrawee,2074,Beach,Tennis Court,,,,,,,,
986,Warriewood,2102,Flower Shop,,,,,,,,,
987,Warwick Farm,2170,Platform,Fast Food Restaurant,Steakhouse,Racetrack,Train Station,Café,Discount Store,Arts & Crafts Store,,
988,Waterfall,2233,Campground,,,,,,,,,
989,Waterford,4133,Airport,,,,,,,,,
990,Waterford West,4133,Electronics Store,,,,,,,,,
991,Waterloo,2017,Café,Costume Shop,Grocery Store,Japanese Restaurant,Wine Bar,Park,Thai Restaurant,Bus Station,Gym,Fast Food Restaurant
992,Watsons Bay,2030,Scenic Lookout,Seafood Restaurant,Harbor / Marina,Park,Surf Spot,Beach,Lighthouse,Trail,Beer Garden,Pub
993,Wattle Grove,2173,Lake,Bar,,,,,,,,
994,Wavell Heights,4012,Bakery,Convenience Store,Liquor Store,Café,Pizza Place,,,,,
995,Waverley,2024,Pub,Convenience Store,Café,Burger Joint,Indian Restaurant,Diner,Bowling Green,French Restaurant,Spa,Vietnamese Restaurant
996,Waverton,2060,Café,Platform,Bowling Green,Thai Restaurant,Park,Scenic Lookout,Grocery Store,Indian Restaurant,Wine Shop,
997,Wedderburn,2560,,,,,,,,,,
998,Wellington Point,4160,Indian Restaurant,Café,Pizza Place,Pub,Ice Cream Shop,Seafood Restaurant,Hotel Bar,Shopping Mall,,
999,Welsby,4507,,,,,,,,,,
1000,Wentworth Point,2127,Café,Coffee Shop,Shopping Mall,Scenic Lookout,Gym / Fitness Center,Park,Thai Restaurant,Restaurant,Grocery Store,Italian Restaurant
1001,Wentworthville,2145,Indian Restaurant,Pizza Place,Sandwich Place,Fish & Chips Shop,Gourmet Shop,Thai Restaurant,Train Station,Café,Grocery Store,Platform
1002,Werrington,2747,Bar,,,,,,,,,
1003,Werrington County,2747,Seafood Restaurant,Home Service,Fast Food Restaurant,,,,,,,
1004,Werrington Downs,2747,Park,,,,,,,,,
1005,West End,4101,Café,Coffee Shop,Bar,Vegetarian / Vegan Restaurant,Cocktail Bar,Japanese Restaurant,Breakfast Spot,Beer Bar,Thai Restaurant,Bakery
1006,West Hoxton,2171,,,,,,,,,,
1007,West Ipswich,4305,Train Station,Grocery Store,Café,Pharmacy,,,,,,
1008,West Pennant Hills,2125,Asian Restaurant,Supermarket,Soccer Field,Bakery,,,,,,
1009,West Pymble,2073,Shopping Mall,Brewery,Basketball Court,Italian Restaurant,Liquor Store,Grocery Store,Café,,,
1010,West Ryde,2114,Pizza Place,Vegetarian / Vegan Restaurant,Video Store,Pub,Pharmacy,Gym,Martial Arts Dojo,Japanese Restaurant,BBQ Joint,Board Shop
1011,Westlake,4074,Restaurant,Soccer Field,Shopping Mall,,,,,,,
1012,Westleigh,2120,Park,Thrift / Vintage Store,Italian Restaurant,Chinese Restaurant,Shopping Mall,,,,,
1013,Westmead,2145,Café,Coffee Shop,Sandwich Place,Thai Restaurant,Fast Food Restaurant,,,,,
1014,Wetherill Park,2164,Bowling Alley,Thai Restaurant,Burger Joint,Pizza Place,,,,,,
1015,Whalan,2770,Pharmacy,,,,,,,,,
1016,Whale Beach,2107,Scenic Lookout,Sandwich Place,Playground,Beach,Café,Fish & Chips Shop,,,,
1017,Wheeler Heights,2097,Sandwich Place,Food & Drink Shop,Antique Shop,Gourmet Shop,,,,,,
1018,White Patch,4507,,,,,,,,,,
1019,Whiteside,4503,,,,,,,,,,
1020,Wights Mountain,4520,,,,,,,,,,
1021,Wilberforce,2756,Pizza Place,Dance Studio,Food,Fast Food Restaurant,,,,,,
1022,Wiley Park,2195,Fast Food Restaurant,Middle Eastern Restaurant,Paper / Office Supplies Store,Train Station,Café,,,,,
1023,Willawong,4110,,,,,,,,,,
1024,Willmot,2770,Convenience Store,,,,,,,,,
1025,Willoughby,2068,Pizza Place,Café,Japanese Restaurant,Gym / Fitness Center,Bus Station,Malay Restaurant,Pub,Gas Station,Thai Restaurant,Wine Shop
1026,Willoughby East,2068,Bus Station,Park,Playground,,,,,,,
1027,Willowbank,4306,,,,,,,,,,
1028,Wilston,4051,Café,Bakery,Fish & Chips Shop,Sandwich Place,Grocery Store,Chinese Restaurant,Mexican Restaurant,Coffee Shop,Asian Restaurant,Ice Cream Shop
1029,Windaroo,4207,Australian Restaurant,Home Service,Golf Course,,,,,,,
1030,Windsor,2756,Video Store,Gym,Café,Pizza Place,,,,,,
1031,Windsor,4030,Sushi Restaurant,Train Station,Vegetarian / Vegan Restaurant,Grocery Store,Park,Gas Station,Pharmacy,Furniture / Home Store,Café,Thai Restaurant
1032,Windsor Downs,2756,,,,,,,,,,
1033,Winston Hills,2153,Bus Station,Park,Chinese Restaurant,Soccer Field,,,,,,
1034,Wisemans Ferry,2775,Boat or Ferry,Pub,Park,River,,,,,,
1035,Wishart,4122,Bus Station,Pizza Place,,,,,,,,
1036,Wolffdene,4207,Tree,,,,,,,,,
1037,Wolli Creek,2205,Chinese Restaurant,Gym / Fitness Center,Café,Asian Restaurant,Dumpling Restaurant,Liquor Store,Bakery,Mediterranean Restaurant,Park,Train Station
1038,Wollstonecraft,2065,Park,Café,Platform,Train Station,Pet Store,,,,,
1039,Woodbine,2560,Park,,,,,,,,,
1040,Woodcroft,2767,Park,Bar,Bus Stop,,,,,,,
1041,Woodend,4305,Fast Food Restaurant,Sandwich Place,Grocery Store,Shopping Mall,,,,,,
1042,Woodford,4514,Café,Pub,Grocery Store,Supermarket,Bakery,,,,,
1043,Woodhill,4285,,,,,,,,,,
1044,Woodpark,2164,Bakery,Convenience Store,Café,Bus Station,,,,,,
1045,Woodridge,4114,Park,Train Station,Deli / Bodega,Australian Restaurant,,,,,,
1046,Woody Point,4019,Park,Bowling Green,,,,,,,,
1047,Woollahra,2025,Café,Bar,Australian Restaurant,Market,Thai Restaurant,Bakery,Park,Shopping Mall,Deli / Bodega,Pub
1048,Woolloomooloo,2011,Café,Hotel,Italian Restaurant,Australian Restaurant,Pub,Chinese Restaurant,Thai Restaurant,Bar,Hostel,Coffee Shop
1049,Woolooware,2230,Cupcake Shop,Liquor Store,Train Station,Burger Joint,Beach,Athletics & Sports,,,,
1050,Wooloowin,4030,Park,Indian Restaurant,Thrift / Vintage Store,Grocery Store,Café,,,,,
1051,Woolshed,4340,,,,,,,,,,
1052,Woolwich,2110,Harbor / Marina,Italian Restaurant,Park,Australian Restaurant,Café,Bar,,,,
1053,Woorim,4507,Beach,Seafood Restaurant,Grocery Store,Surf Spot,Hotel,,,,,
1054,Woronora,2232,Park,Café,River,,,,,,,
1055,Woronora Heights,2233,Grocery Store,,,,,,,,,
1056,Wulkuraka,4305,Train Station,Platform,,,,,,,,
1057,Wynnum,4178,Coffee Shop,Pool,Sandwich Place,Grocery Store,Seafood Restaurant,Beach,Water Park,Bar,,
1058,Wynnum West,4178,Thai Restaurant,,,,,,,,,
1059,Yagoona,2199,Bakery,Fast Food Restaurant,Grocery Store,Park,Train Station,Men's Store,Café,Shopping Mall,Convenience Store,
1060,Yamanto,4305,Construction & Landscaping,,,,,,,,,
1061,Yarrabilba,4207,,,,,,,,,,
1062,Yarramundi,2753,,,,,,,,,,
1063,Yarrawarrah,2233,Park,,,,,,,,,
1064,Yeerongpilly,4105,Gym / Fitness Center,Brewery,Dance Studio,Café,,,,,,
1065,Yennora,2161,,,,,,,,,,
1066,Yeronga,4104,Bakery,Pizza Place,Greek Restaurant,Thai Restaurant,Café,Shopping Mall,Pharmacy,Grocery Store,Soccer Field,Burger Joint
1067,Yowie Bay,2228,Park,Liquor Store,,,,,,,,
1068,Yugar,4520,Home Service,,,,,,,,,
1069,Zetland,2017,Café,Park,Pizza Place,Japanese Restaurant,Cantonese Restaurant,Grocery Store,Mexican Restaurant,BBQ Joint,Supermarket,Gastropub
1070,Zillmere,4034,Bus Station,Farmers Market,,,,,,,,
